id,age,agemonths,ageyears,agecat,sex,order,boxtype,trialtype,order2,order3,trialno,side,response,correct,openended
14,5,62.86842105,5.239035088,five,1,penfirst,blue-right,pen,1,test,1,L,R,1,0
14,5,62.86842105,5.239035088,five,1,penfirst,blue-right,pen,1,test,2,R,L,1,0
14,5,62.86842105,5.239035088,five,1,penfirst,blue-right,pen,1,test,3,R,L,1,0
14,5,62.86842105,5.239035088,five,1,penfirst,blue-right,pen,1,test,4,L,R,1,0
14,5,62.86842105,5.239035088,five,1,penfirst,blue-right,pen,1,test,5,R,L,1,0
14,5,62.86842105,5.239035088,five,1,penfirst,blue-right,pen,1,test,6,L,R,1,0
14,5,62.86842105,5.239035088,five,1,penfirst,blue-right,pen,1,test,7,L,R,1,0
14,5,62.86842105,5.239035088,five,1,penfirst,blue-right,pen,1,test,8,R,L,1,0
14,5,62.86842105,5.239035088,five,1,penfirst,blue-right,sticker,2,transfer,1,R,R,1,0
14,5,62.86842105,5.239035088,five,1,penfirst,blue-right,sticker,2,transfer,2,L,L,1,0
14,5,62.86842105,5.239035088,five,1,penfirst,blue-right,sticker,2,transfer,3,L,L,1,0
14,5,62.86842105,5.239035088,five,1,penfirst,blue-right,sticker,2,transfer,4,R,R,1,0
14,5,62.86842105,5.239035088,five,1,penfirst,blue-right,sticker,2,transfer,5,R,R,1,0
14,5,62.86842105,5.239035088,five,1,penfirst,blue-right,sticker,2,transfer,6,L,L,1,0
14,5,62.86842105,5.239035088,five,1,penfirst,blue-right,sticker,2,transfer,7,R,R,1,0
14,5,62.86842105,5.239035088,five,1,penfirst,blue-right,sticker,2,transfer,8,R,R,1,0
15,4,55,4.583333333,four,1,penfirst,blue-right,pen,1,test,1,R,L,1,1
15,4,55,4.583333333,four,1,penfirst,blue-right,pen,1,test,2,L,R,1,1
15,4,55,4.583333333,four,1,penfirst,blue-right,pen,1,test,3,L,R,1,1
15,4,55,4.583333333,four,1,penfirst,blue-right,pen,1,test,4,R,L,1,1
15,4,55,4.583333333,four,1,penfirst,blue-right,pen,1,test,5,L,R,1,1
15,4,55,4.583333333,four,1,penfirst,blue-right,pen,1,test,6,R,R,0,1
15,4,55,4.583333333,four,1,penfirst,blue-right,pen,1,test,7,R,L,1,1
15,4,55,4.583333333,four,1,penfirst,blue-right,pen,1,test,8,L,R,1,1
15,4,55,4.583333333,four,1,penfirst,blue-right,sticker,2,transfer,1,L,L,1,1
15,4,55,4.583333333,four,1,penfirst,blue-right,sticker,2,transfer,2,R,R,1,1
15,4,55,4.583333333,four,1,penfirst,blue-right,sticker,2,transfer,3,R,L,0,1
15,4,55,4.583333333,four,1,penfirst,blue-right,sticker,2,transfer,4,L,L,1,1
15,4,55,4.583333333,four,1,penfirst,blue-right,sticker,2,transfer,5,L,L,1,1
15,4,55,4.583333333,four,1,penfirst,blue-right,sticker,2,transfer,6,R,R,1,1
15,4,55,4.583333333,four,1,penfirst,blue-right,sticker,2,transfer,7,L,L,1,1
15,4,55,4.583333333,four,1,penfirst,blue-right,sticker,2,transfer,8,L,L,1,1
16,4,55.70394737,4.641995614,four,2,stickerfirst,blue-right,pen,2,transfer,1,L,R,1,0
16,4,55.70394737,4.641995614,four,2,stickerfirst,blue-right,pen,2,transfer,2,R,L,1,0
16,4,55.70394737,4.641995614,four,2,stickerfirst,blue-right,pen,2,transfer,3,R,L,1,0
16,4,55.70394737,4.641995614,four,2,stickerfirst,blue-right,pen,2,transfer,4,L,R,1,0
16,4,55.70394737,4.641995614,four,2,stickerfirst,blue-right,pen,2,transfer,5,L,R,1,0
16,4,55.70394737,4.641995614,four,2,stickerfirst,blue-right,pen,2,transfer,6,R,R,0,0
16,4,55.70394737,4.641995614,four,2,stickerfirst,blue-right,pen,2,transfer,7,L,L,0,0
16,4,55.70394737,4.641995614,four,2,stickerfirst,blue-right,pen,2,transfer,8,L,L,0,0
16,4,55.70394737,4.641995614,four,2,stickerfirst,blue-right,sticker,1,test,1,R,R,1,0
16,4,55.70394737,4.641995614,four,2,stickerfirst,blue-right,sticker,1,test,2,L,L,1,0
16,4,55.70394737,4.641995614,four,2,stickerfirst,blue-right,sticker,1,test,3,L,R,0,0
16,4,55.70394737,4.641995614,four,2,stickerfirst,blue-right,sticker,1,test,4,R,R,1,0
16,4,55.70394737,4.641995614,four,2,stickerfirst,blue-right,sticker,1,test,5,L,L,1,0
16,4,55.70394737,4.641995614,four,2,stickerfirst,blue-right,sticker,1,test,6,R,R,1,0
16,4,55.70394737,4.641995614,four,2,stickerfirst,blue-right,sticker,1,test,7,R,R,1,0
16,4,55.70394737,4.641995614,four,2,stickerfirst,blue-right,sticker,1,test,8,L,L,1,0
17,5,63.34210526,5.278508772,five,2,penfirst,blue-right,pen,1,test,1,L,R,1,0
17,5,63.34210526,5.278508772,five,2,penfirst,blue-right,pen,1,test,2,L,R,1,0
17,5,63.34210526,5.278508772,five,2,penfirst,blue-right,pen,1,test,3,R,L,1,0
17,5,63.34210526,5.278508772,five,2,penfirst,blue-right,pen,1,test,4,L,R,1,0
17,5,63.34210526,5.278508772,five,2,penfirst,blue-right,pen,1,test,5,R,L,1,0
17,5,63.34210526,5.278508772,five,2,penfirst,blue-right,pen,1,test,6,L,R,1,0
17,5,63.34210526,5.278508772,five,2,penfirst,blue-right,pen,1,test,7,R,L,1,0
17,5,63.34210526,5.278508772,five,2,penfirst,blue-right,pen,1,test,8,R,L,1,0
17,5,63.34210526,5.278508772,five,2,penfirst,blue-right,sticker,2,transfer,1,R,R,1,0
17,5,63.34210526,5.278508772,five,2,penfirst,blue-right,sticker,2,transfer,2,R,R,1,0
17,5,63.34210526,5.278508772,five,2,penfirst,blue-right,sticker,2,transfer,3,L,L,1,0
17,5,63.34210526,5.278508772,five,2,penfirst,blue-right,sticker,2,transfer,4,L,L,1,0
17,5,63.34210526,5.278508772,five,2,penfirst,blue-right,sticker,2,transfer,5,R,R,1,0
17,5,63.34210526,5.278508772,five,2,penfirst,blue-right,sticker,2,transfer,6,R,R,1,0
17,5,63.34210526,5.278508772,five,2,penfirst,blue-right,sticker,2,transfer,7,L,L,1,0
17,5,63.34210526,5.278508772,five,2,penfirst,blue-right,sticker,2,transfer,8,R,R,1,0
18,3,43.47368421,3.622807018,three,1,stickerfirst,blue-right,pen,2,transfer,1,R,L,1,0
18,3,43.47368421,3.622807018,three,1,stickerfirst,blue-right,pen,2,transfer,2,L,L,0,0
18,3,43.47368421,3.622807018,three,1,stickerfirst,blue-right,pen,2,transfer,3,L,L,0,0
18,3,43.47368421,3.622807018,three,1,stickerfirst,blue-right,pen,2,transfer,4,R,R,0,0
18,3,43.47368421,3.622807018,three,1,stickerfirst,blue-right,pen,2,transfer,5,R,L,1,0
18,3,43.47368421,3.622807018,three,1,stickerfirst,blue-right,pen,2,transfer,6,L,L,0,0
18,3,43.47368421,3.622807018,three,1,stickerfirst,blue-right,pen,2,transfer,7,R,L,1,0
18,3,43.47368421,3.622807018,three,1,stickerfirst,blue-right,pen,2,transfer,8,R,R,0,0
18,3,43.47368421,3.622807018,three,1,stickerfirst,blue-right,sticker,1,test,1,L,R,0,0
18,3,43.47368421,3.622807018,three,1,stickerfirst,blue-right,sticker,1,test,2,R,L,0,0
18,3,43.47368421,3.622807018,three,1,stickerfirst,blue-right,sticker,1,test,3,R,R,1,0
18,3,43.47368421,3.622807018,three,1,stickerfirst,blue-right,sticker,1,test,4,L,L,1,0
18,3,43.47368421,3.622807018,three,1,stickerfirst,blue-right,sticker,1,test,5,R,R,1,0
18,3,43.47368421,3.622807018,three,1,stickerfirst,blue-right,sticker,1,test,6,L,L,1,0
18,3,43.47368421,3.622807018,three,1,stickerfirst,blue-right,sticker,1,test,7,L,L,1,0
18,3,43.47368421,3.622807018,three,1,stickerfirst,blue-right,sticker,1,test,8,R,R,1,0
19,3,45.17763158,3.764802632,three,1,penfirst,blue-right,pen,1,test,1,L,R,1,0
19,3,45.17763158,3.764802632,three,1,penfirst,blue-right,pen,1,test,2,L,R,1,0
19,3,45.17763158,3.764802632,three,1,penfirst,blue-right,pen,1,test,3,R,L,1,0
19,3,45.17763158,3.764802632,three,1,penfirst,blue-right,pen,1,test,4,L,R,1,0
19,3,45.17763158,3.764802632,three,1,penfirst,blue-right,pen,1,test,5,R,L,1,0
19,3,45.17763158,3.764802632,three,1,penfirst,blue-right,pen,1,test,6,R,R,0,0
19,3,45.17763158,3.764802632,three,1,penfirst,blue-right,pen,1,test,7,L,R,1,0
19,3,45.17763158,3.764802632,three,1,penfirst,blue-right,pen,1,test,8,R,R,0,0
19,3,45.17763158,3.764802632,three,1,penfirst,blue-right,sticker,2,transfer,1,R,L,0,0
19,3,45.17763158,3.764802632,three,1,penfirst,blue-right,sticker,2,transfer,2,L,L,1,0
19,3,45.17763158,3.764802632,three,1,penfirst,blue-right,sticker,2,transfer,3,R,R,1,0
19,3,45.17763158,3.764802632,three,1,penfirst,blue-right,sticker,2,transfer,4,L,L,1,0
19,3,45.17763158,3.764802632,three,1,penfirst,blue-right,sticker,2,transfer,5,R,L,0,0
19,3,45.17763158,3.764802632,three,1,penfirst,blue-right,sticker,2,transfer,6,L,L,1,0
19,3,45.17763158,3.764802632,three,1,penfirst,blue-right,sticker,2,transfer,7,R,R,1,0
19,3,45.17763158,3.764802632,three,1,penfirst,blue-right,sticker,2,transfer,8,R,R,1,0
21,5,61.73684211,5.144736842,five,1,stickerfirst,blue-right,pen,2,transfer,1,R,L,1,1
21,5,61.73684211,5.144736842,five,1,stickerfirst,blue-right,pen,2,transfer,2,L,R,1,1
21,5,61.73684211,5.144736842,five,1,stickerfirst,blue-right,pen,2,transfer,3,L,R,1,1
21,5,61.73684211,5.144736842,five,1,stickerfirst,blue-right,pen,2,transfer,4,R,L,1,1
21,5,61.73684211,5.144736842,five,1,stickerfirst,blue-right,pen,2,transfer,5,R,L,1,1
21,5,61.73684211,5.144736842,five,1,stickerfirst,blue-right,pen,2,transfer,6,L,R,1,1
21,5,61.73684211,5.144736842,five,1,stickerfirst,blue-right,pen,2,transfer,7,R,L,1,1
21,5,61.73684211,5.144736842,five,1,stickerfirst,blue-right,pen,2,transfer,8,L,R,1,1
21,5,61.73684211,5.144736842,five,1,stickerfirst,blue-right,sticker,1,test,1,L,L,1,1
21,5,61.73684211,5.144736842,five,1,stickerfirst,blue-right,sticker,1,test,2,R,R,1,1
21,5,61.73684211,5.144736842,five,1,stickerfirst,blue-right,sticker,1,test,3,R,R,1,1
21,5,61.73684211,5.144736842,five,1,stickerfirst,blue-right,sticker,1,test,4,L,L,1,1
21,5,61.73684211,5.144736842,five,1,stickerfirst,blue-right,sticker,1,test,5,R,R,1,1
21,5,61.73684211,5.144736842,five,1,stickerfirst,blue-right,sticker,1,test,6,L,L,1,1
21,5,61.73684211,5.144736842,five,1,stickerfirst,blue-right,sticker,1,test,7,L,L,1,1
21,5,61.73684211,5.144736842,five,1,stickerfirst,blue-right,sticker,1,test,8,R,R,1,1
22,5,66.375,5.53125,five,2,stickerfirst,blue-right,pen,2,transfer,1,R,L,1,0
22,5,66.375,5.53125,five,2,stickerfirst,blue-right,pen,2,transfer,2,L,R,1,0
22,5,66.375,5.53125,five,2,stickerfirst,blue-right,pen,2,transfer,3,R,L,1,0
22,5,66.375,5.53125,five,2,stickerfirst,blue-right,pen,2,transfer,4,L,R,1,0
22,5,66.375,5.53125,five,2,stickerfirst,blue-right,pen,2,transfer,5,R,L,1,0
22,5,66.375,5.53125,five,2,stickerfirst,blue-right,pen,2,transfer,6,L,R,1,0
22,5,66.375,5.53125,five,2,stickerfirst,blue-right,pen,2,transfer,7,L,R,1,0
22,5,66.375,5.53125,five,2,stickerfirst,blue-right,pen,2,transfer,8,R,L,1,0
22,5,66.375,5.53125,five,2,stickerfirst,blue-right,sticker,1,test,1,L,L,1,0
22,5,66.375,5.53125,five,2,stickerfirst,blue-right,sticker,1,test,2,L,L,1,0
22,5,66.375,5.53125,five,2,stickerfirst,blue-right,sticker,1,test,3,R,R,1,0
22,5,66.375,5.53125,five,2,stickerfirst,blue-right,sticker,1,test,4,L,L,1,0
22,5,66.375,5.53125,five,2,stickerfirst,blue-right,sticker,1,test,5,R,R,1,0
22,5,66.375,5.53125,five,2,stickerfirst,blue-right,sticker,1,test,6,R,R,1,0
22,5,66.375,5.53125,five,2,stickerfirst,blue-right,sticker,1,test,7,L,L,1,0
22,5,66.375,5.53125,five,2,stickerfirst,blue-right,sticker,1,test,8,R,R,1,0
25,4,51.03289474,4.252741228,four,1,stickerfirst,blue-right,pen,2,transfer,1,R,R,0,0
25,4,51.03289474,4.252741228,four,1,stickerfirst,blue-right,pen,2,transfer,2,L,L,0,0
25,4,51.03289474,4.252741228,four,1,stickerfirst,blue-right,pen,2,transfer,3,L,R,1,0
25,4,51.03289474,4.252741228,four,1,stickerfirst,blue-right,pen,2,transfer,4,R,L,1,0
25,4,51.03289474,4.252741228,four,1,stickerfirst,blue-right,pen,2,transfer,5,R,L,1,0
25,4,51.03289474,4.252741228,four,1,stickerfirst,blue-right,pen,2,transfer,6,L,R,1,0
25,4,51.03289474,4.252741228,four,1,stickerfirst,blue-right,pen,2,transfer,7,R,L,1,0
25,4,51.03289474,4.252741228,four,1,stickerfirst,blue-right,pen,2,transfer,8,L,R,1,0
25,4,51.03289474,4.252741228,four,1,stickerfirst,blue-right,sticker,1,test,1,L,L,1,0
25,4,51.03289474,4.252741228,four,1,stickerfirst,blue-right,sticker,1,test,2,R,R,1,0
25,4,51.03289474,4.252741228,four,1,stickerfirst,blue-right,sticker,1,test,3,R,R,1,0
25,4,51.03289474,4.252741228,four,1,stickerfirst,blue-right,sticker,1,test,4,L,L,1,0
25,4,51.03289474,4.252741228,four,1,stickerfirst,blue-right,sticker,1,test,5,R,R,1,0
25,4,51.03289474,4.252741228,four,1,stickerfirst,blue-right,sticker,1,test,6,L,L,1,0
25,4,51.03289474,4.252741228,four,1,stickerfirst,blue-right,sticker,1,test,7,L,L,1,0
25,4,51.03289474,4.252741228,four,1,stickerfirst,blue-right,sticker,1,test,8,R,R,1,0
26,4,57.23026316,4.769188596,four,2,stickerfirst,blue-right,pen,2,transfer,1,R,L,1,0
26,4,57.23026316,4.769188596,four,2,stickerfirst,blue-right,pen,2,transfer,2,L,L,0,0
26,4,57.23026316,4.769188596,four,2,stickerfirst,blue-right,pen,2,transfer,3,R,L,1,0
26,4,57.23026316,4.769188596,four,2,stickerfirst,blue-right,pen,2,transfer,4,L,R,1,0
26,4,57.23026316,4.769188596,four,2,stickerfirst,blue-right,pen,2,transfer,5,R,L,1,0
26,4,57.23026316,4.769188596,four,2,stickerfirst,blue-right,pen,2,transfer,6,L,R,1,0
26,4,57.23026316,4.769188596,four,2,stickerfirst,blue-right,pen,2,transfer,7,L,L,0,0
26,4,57.23026316,4.769188596,four,2,stickerfirst,blue-right,pen,2,transfer,8,R,L,1,0
26,4,57.23026316,4.769188596,four,2,stickerfirst,blue-right,sticker,1,test,1,L,R,0,0
26,4,57.23026316,4.769188596,four,2,stickerfirst,blue-right,sticker,1,test,2,L,R,0,0
26,4,57.23026316,4.769188596,four,2,stickerfirst,blue-right,sticker,1,test,3,R,L,0,0
26,4,57.23026316,4.769188596,four,2,stickerfirst,blue-right,sticker,1,test,4,L,L,1,0
26,4,57.23026316,4.769188596,four,2,stickerfirst,blue-right,sticker,1,test,5,R,R,1,0
26,4,57.23026316,4.769188596,four,2,stickerfirst,blue-right,sticker,1,test,6,R,R,1,0
26,4,57.23026316,4.769188596,four,2,stickerfirst,blue-right,sticker,1,test,7,L,L,1,0
26,4,57.23026316,4.769188596,four,2,stickerfirst,blue-right,sticker,1,test,8,R,R,1,0
29,5,63.83552632,5.319627193,five,2,stickerfirst,blue-right,pen,2,transfer,1,R,L,1,0
29,5,63.83552632,5.319627193,five,2,stickerfirst,blue-right,pen,2,transfer,2,L,L,0,0
29,5,63.83552632,5.319627193,five,2,stickerfirst,blue-right,pen,2,transfer,3,L,R,1,0
29,5,63.83552632,5.319627193,five,2,stickerfirst,blue-right,pen,2,transfer,4,R,L,1,0
29,5,63.83552632,5.319627193,five,2,stickerfirst,blue-right,pen,2,transfer,5,R,L,1,0
29,5,63.83552632,5.319627193,five,2,stickerfirst,blue-right,pen,2,transfer,6,L,R,1,0
29,5,63.83552632,5.319627193,five,2,stickerfirst,blue-right,pen,2,transfer,7,R,L,1,0
29,5,63.83552632,5.319627193,five,2,stickerfirst,blue-right,pen,2,transfer,8,L,L,0,0
29,5,63.83552632,5.319627193,five,2,stickerfirst,blue-right,sticker,1,test,1,L,L,1,0
29,5,63.83552632,5.319627193,five,2,stickerfirst,blue-right,sticker,1,test,2,R,R,1,0
29,5,63.83552632,5.319627193,five,2,stickerfirst,blue-right,sticker,1,test,3,R,R,1,0
29,5,63.83552632,5.319627193,five,2,stickerfirst,blue-right,sticker,1,test,4,L,L,1,0
29,5,63.83552632,5.319627193,five,2,stickerfirst,blue-right,sticker,1,test,5,R,R,1,0
29,5,63.83552632,5.319627193,five,2,stickerfirst,blue-right,sticker,1,test,6,L,L,1,0
29,5,63.83552632,5.319627193,five,2,stickerfirst,blue-right,sticker,1,test,7,L,L,1,0
29,5,63.83552632,5.319627193,five,2,stickerfirst,blue-right,sticker,1,test,8,R,R,1,0
32,5,62.67105263,5.222587719,five,2,penfirst,pink-right,pen,1,test,1,L,R,1,0
32,5,62.67105263,5.222587719,five,2,penfirst,pink-right,pen,1,test,2,R,L,1,0
32,5,62.67105263,5.222587719,five,2,penfirst,pink-right,pen,1,test,3,R,L,1,0
32,5,62.67105263,5.222587719,five,2,penfirst,pink-right,pen,1,test,4,L,L,0,0
32,5,62.67105263,5.222587719,five,2,penfirst,pink-right,pen,1,test,5,R,L,1,0
32,5,62.67105263,5.222587719,five,2,penfirst,pink-right,pen,1,test,6,L,R,1,0
32,5,62.67105263,5.222587719,five,2,penfirst,pink-right,pen,1,test,7,L,R,1,0
32,5,62.67105263,5.222587719,five,2,penfirst,pink-right,pen,1,test,8,R,L,1,0
32,5,62.67105263,5.222587719,five,2,penfirst,pink-right,sticker,2,transfer,1,R,R,1,0
32,5,62.67105263,5.222587719,five,2,penfirst,pink-right,sticker,2,transfer,2,L,R,0,0
32,5,62.67105263,5.222587719,five,2,penfirst,pink-right,sticker,2,transfer,3,L,L,1,0
32,5,62.67105263,5.222587719,five,2,penfirst,pink-right,sticker,2,transfer,4,R,L,0,0
32,5,62.67105263,5.222587719,five,2,penfirst,pink-right,sticker,2,transfer,5,R,R,1,0
32,5,62.67105263,5.222587719,five,2,penfirst,pink-right,sticker,2,transfer,6,L,L,1,0
32,5,62.67105263,5.222587719,five,2,penfirst,pink-right,sticker,2,transfer,7,R,L,0,0
32,5,62.67105263,5.222587719,five,2,penfirst,pink-right,sticker,2,transfer,8,L,R,0,0
33,4,55.40789474,4.617324561,four,1,stickerfirst,pink-right,pen,2,transfer,1,R,L,1,1
33,4,55.40789474,4.617324561,four,1,stickerfirst,pink-right,pen,2,transfer,2,L,R,1,1
33,4,55.40789474,4.617324561,four,1,stickerfirst,pink-right,pen,2,transfer,3,L,R,1,1
33,4,55.40789474,4.617324561,four,1,stickerfirst,pink-right,pen,2,transfer,4,R,L,1,1
33,4,55.40789474,4.617324561,four,1,stickerfirst,pink-right,pen,2,transfer,5,R,R,0,1
33,4,55.40789474,4.617324561,four,1,stickerfirst,pink-right,pen,2,transfer,6,L,R,1,1
33,4,55.40789474,4.617324561,four,1,stickerfirst,pink-right,pen,2,transfer,7,R,L,1,1
33,4,55.40789474,4.617324561,four,1,stickerfirst,pink-right,pen,2,transfer,8,L,R,1,1
33,4,55.40789474,4.617324561,four,1,stickerfirst,pink-right,sticker,1,test,1,L,L,1,1
33,4,55.40789474,4.617324561,four,1,stickerfirst,pink-right,sticker,1,test,2,R,R,1,1
33,4,55.40789474,4.617324561,four,1,stickerfirst,pink-right,sticker,1,test,3,R,R,1,1
33,4,55.40789474,4.617324561,four,1,stickerfirst,pink-right,sticker,1,test,4,L,L,1,1
33,4,55.40789474,4.617324561,four,1,stickerfirst,pink-right,sticker,1,test,5,R,R,1,1
33,4,55.40789474,4.617324561,four,1,stickerfirst,pink-right,sticker,1,test,6,L,L,1,1
33,4,55.40789474,4.617324561,four,1,stickerfirst,pink-right,sticker,1,test,7,L,L,1,1
33,4,55.40789474,4.617324561,four,1,stickerfirst,pink-right,sticker,1,test,8,R,R,1,1
34,4,52.86842105,4.405701754,four,2,stickerfirst,pink-right,pen,2,transfer,1,R,L,1,1
34,4,52.86842105,4.405701754,four,2,stickerfirst,pink-right,pen,2,transfer,2,L,R,1,1
34,4,52.86842105,4.405701754,four,2,stickerfirst,pink-right,pen,2,transfer,3,R,L,1,1
34,4,52.86842105,4.405701754,four,2,stickerfirst,pink-right,pen,2,transfer,4,L,R,1,1
34,4,52.86842105,4.405701754,four,2,stickerfirst,pink-right,pen,2,transfer,5,R,L,1,1
34,4,52.86842105,4.405701754,four,2,stickerfirst,pink-right,pen,2,transfer,6,L,R,1,1
34,4,52.86842105,4.405701754,four,2,stickerfirst,pink-right,pen,2,transfer,7,L,R,1,1
34,4,52.86842105,4.405701754,four,2,stickerfirst,pink-right,pen,2,transfer,8,R,L,1,1
34,4,52.86842105,4.405701754,four,2,stickerfirst,pink-right,sticker,1,test,1,L,L,1,1
34,4,52.86842105,4.405701754,four,2,stickerfirst,pink-right,sticker,1,test,2,L,L,1,1
34,4,52.86842105,4.405701754,four,2,stickerfirst,pink-right,sticker,1,test,3,R,R,1,1
34,4,52.86842105,4.405701754,four,2,stickerfirst,pink-right,sticker,1,test,4,L,L,1,1
34,4,52.86842105,4.405701754,four,2,stickerfirst,pink-right,sticker,1,test,5,R,R,1,1
34,4,52.86842105,4.405701754,four,2,stickerfirst,pink-right,sticker,1,test,6,R,R,1,1
34,4,52.86842105,4.405701754,four,2,stickerfirst,pink-right,sticker,1,test,7,L,L,1,1
34,4,52.86842105,4.405701754,four,2,stickerfirst,pink-right,sticker,1,test,8,R,R,1,1
35,4,51.29605263,4.274671053,four,1,penfirst,pink-right,pen,1,test,1,R,L,1,0
35,4,51.29605263,4.274671053,four,1,penfirst,pink-right,pen,1,test,2,L,R,1,0
35,4,51.29605263,4.274671053,four,1,penfirst,pink-right,pen,1,test,3,L,R,1,0
35,4,51.29605263,4.274671053,four,1,penfirst,pink-right,pen,1,test,4,R,L,1,0
35,4,51.29605263,4.274671053,four,1,penfirst,pink-right,pen,1,test,5,R,L,1,0
35,4,51.29605263,4.274671053,four,1,penfirst,pink-right,pen,1,test,6,L,R,1,0
35,4,51.29605263,4.274671053,four,1,penfirst,pink-right,pen,1,test,7,R,L,1,0
35,4,51.29605263,4.274671053,four,1,penfirst,pink-right,pen,1,test,8,L,R,1,0
35,4,51.29605263,4.274671053,four,1,penfirst,pink-right,sticker,2,transfer,1,L,L,1,0
35,4,51.29605263,4.274671053,four,1,penfirst,pink-right,sticker,2,transfer,2,R,R,1,0
35,4,51.29605263,4.274671053,four,1,penfirst,pink-right,sticker,2,transfer,3,R,R,1,0
35,4,51.29605263,4.274671053,four,1,penfirst,pink-right,sticker,2,transfer,4,L,R,0,0
35,4,51.29605263,4.274671053,four,1,penfirst,pink-right,sticker,2,transfer,5,R,L,0,0
35,4,51.29605263,4.274671053,four,1,penfirst,pink-right,sticker,2,transfer,6,L,L,1,0
35,4,51.29605263,4.274671053,four,1,penfirst,pink-right,sticker,2,transfer,7,L,L,1,0
35,4,51.29605263,4.274671053,four,1,penfirst,pink-right,sticker,2,transfer,8,R,R,1,0
36,3,46.03289474,3.836074561,three,2,penfirst,pink-right,pen,1,test,1,L,L,0,0
36,3,46.03289474,3.836074561,three,2,penfirst,pink-right,pen,1,test,2,L,L,0,0
36,3,46.03289474,3.836074561,three,2,penfirst,pink-right,pen,1,test,3,R,R,0,0
36,3,46.03289474,3.836074561,three,2,penfirst,pink-right,pen,1,test,4,L,L,0,0
36,3,46.03289474,3.836074561,three,2,penfirst,pink-right,pen,1,test,5,R,L,1,0
36,3,46.03289474,3.836074561,three,2,penfirst,pink-right,pen,1,test,6,R,R,0,0
36,3,46.03289474,3.836074561,three,2,penfirst,pink-right,pen,1,test,7,L,R,1,0
36,3,46.03289474,3.836074561,three,2,penfirst,pink-right,pen,1,test,8,R,L,1,0
36,3,46.03289474,3.836074561,three,2,penfirst,pink-right,sticker,2,transfer,1,R,L,0,0
36,3,46.03289474,3.836074561,three,2,penfirst,pink-right,sticker,2,transfer,2,L,R,0,0
36,3,46.03289474,3.836074561,three,2,penfirst,pink-right,sticker,2,transfer,3,R,L,0,0
36,3,46.03289474,3.836074561,three,2,penfirst,pink-right,sticker,2,transfer,4,L,L,1,0
36,3,46.03289474,3.836074561,three,2,penfirst,pink-right,sticker,2,transfer,5,R,R,1,0
36,3,46.03289474,3.836074561,three,2,penfirst,pink-right,sticker,2,transfer,6,L,L,1,0
36,3,46.03289474,3.836074561,three,2,penfirst,pink-right,sticker,2,transfer,7,R,R,1,0
36,3,46.03289474,3.836074561,three,2,penfirst,pink-right,sticker,2,transfer,8,L,L,1,0
38,4,54.47368421,4.539473684,four,2,stickerfirst,pink-right,pen,2,transfer,1,R,L,1,0
38,4,54.47368421,4.539473684,four,2,stickerfirst,pink-right,pen,2,transfer,2,L,R,1,0
38,4,54.47368421,4.539473684,four,2,stickerfirst,pink-right,pen,2,transfer,3,R,L,1,0
38,4,54.47368421,4.539473684,four,2,stickerfirst,pink-right,pen,2,transfer,4,L,R,1,0
38,4,54.47368421,4.539473684,four,2,stickerfirst,pink-right,pen,2,transfer,5,R,L,1,0
38,4,54.47368421,4.539473684,four,2,stickerfirst,pink-right,pen,2,transfer,6,L,R,1,0
38,4,54.47368421,4.539473684,four,2,stickerfirst,pink-right,pen,2,transfer,7,L,L,0,0
38,4,54.47368421,4.539473684,four,2,stickerfirst,pink-right,pen,2,transfer,8,R,R,0,0
38,4,54.47368421,4.539473684,four,2,stickerfirst,pink-right,sticker,1,test,1,L,L,1,0
38,4,54.47368421,4.539473684,four,2,stickerfirst,pink-right,sticker,1,test,2,L,L,1,0
38,4,54.47368421,4.539473684,four,2,stickerfirst,pink-right,sticker,1,test,3,R,R,1,0
38,4,54.47368421,4.539473684,four,2,stickerfirst,pink-right,sticker,1,test,4,L,R,0,0
38,4,54.47368421,4.539473684,four,2,stickerfirst,pink-right,sticker,1,test,5,R,L,0,0
38,4,54.47368421,4.539473684,four,2,stickerfirst,pink-right,sticker,1,test,6,R,R,1,0
38,4,54.47368421,4.539473684,four,2,stickerfirst,pink-right,sticker,1,test,7,L,L,1,0
38,4,54.47368421,4.539473684,four,2,stickerfirst,pink-right,sticker,1,test,8,R,R,1,0
39,5,68.60526316,5.717105263,five,1,penfirst,pink-right,pen,1,test,1,L,R,1,0
39,5,68.60526316,5.717105263,five,1,penfirst,pink-right,pen,1,test,2,R,L,1,0
39,5,68.60526316,5.717105263,five,1,penfirst,pink-right,pen,1,test,3,R,R,0,0
39,5,68.60526316,5.717105263,five,1,penfirst,pink-right,pen,1,test,4,L,R,1,0
39,5,68.60526316,5.717105263,five,1,penfirst,pink-right,pen,1,test,5,R,L,1,0
39,5,68.60526316,5.717105263,five,1,penfirst,pink-right,pen,1,test,6,L,R,1,0
39,5,68.60526316,5.717105263,five,1,penfirst,pink-right,pen,1,test,7,L,R,1,0
39,5,68.60526316,5.717105263,five,1,penfirst,pink-right,pen,1,test,8,R,L,1,0
39,5,68.60526316,5.717105263,five,1,penfirst,pink-right,sticker,2,transfer,1,R,R,1,0
39,5,68.60526316,5.717105263,five,1,penfirst,pink-right,sticker,2,transfer,2,L,L,1,0
39,5,68.60526316,5.717105263,five,1,penfirst,pink-right,sticker,2,transfer,3,L,L,1,0
39,5,68.60526316,5.717105263,five,1,penfirst,pink-right,sticker,2,transfer,4,R,R,1,0
39,5,68.60526316,5.717105263,five,1,penfirst,pink-right,sticker,2,transfer,5,R,R,1,0
39,5,68.60526316,5.717105263,five,1,penfirst,pink-right,sticker,2,transfer,6,L,L,1,0
39,5,68.60526316,5.717105263,five,1,penfirst,pink-right,sticker,2,transfer,7,R,R,1,0
39,5,68.60526316,5.717105263,five,1,penfirst,pink-right,sticker,2,transfer,8,L,L,1,0
40,4,50.80263158,4.233552632,four,1,penfirst,blue-right,pen,1,test,1,L,L,0,0
40,4,50.80263158,4.233552632,four,1,penfirst,blue-right,pen,1,test,2,L,R,1,0
40,4,50.80263158,4.233552632,four,1,penfirst,blue-right,pen,1,test,3,R,L,1,0
40,4,50.80263158,4.233552632,four,1,penfirst,blue-right,pen,1,test,4,L,R,1,0
40,4,50.80263158,4.233552632,four,1,penfirst,blue-right,pen,1,test,5,R,L,1,0
40,4,50.80263158,4.233552632,four,1,penfirst,blue-right,pen,1,test,6,R,L,1,0
40,4,50.80263158,4.233552632,four,1,penfirst,blue-right,pen,1,test,7,L,R,1,0
40,4,50.80263158,4.233552632,four,1,penfirst,blue-right,pen,1,test,8,R,L,1,0
40,4,50.80263158,4.233552632,four,1,penfirst,blue-right,sticker,2,transfer,1,R,L,0,0
40,4,50.80263158,4.233552632,four,1,penfirst,blue-right,sticker,2,transfer,2,L,R,0,0
40,4,50.80263158,4.233552632,four,1,penfirst,blue-right,sticker,2,transfer,3,R,L,0,0
40,4,50.80263158,4.233552632,four,1,penfirst,blue-right,sticker,2,transfer,4,L,L,1,0
40,4,50.80263158,4.233552632,four,1,penfirst,blue-right,sticker,2,transfer,5,R,R,1,0
40,4,50.80263158,4.233552632,four,1,penfirst,blue-right,sticker,2,transfer,6,L,L,1,0
40,4,50.80263158,4.233552632,four,1,penfirst,blue-right,sticker,2,transfer,7,L,L,1,0
40,4,50.80263158,4.233552632,four,1,penfirst,blue-right,sticker,2,transfer,8,R,R,1,0
41,5,62.29605263,5.191337719,five,2,stickerfirst,blue-right,pen,2,transfer,1,R,L,1,1
41,5,62.29605263,5.191337719,five,2,stickerfirst,blue-right,pen,2,transfer,2,L,R,1,1
41,5,62.29605263,5.191337719,five,2,stickerfirst,blue-right,pen,2,transfer,3,L,R,1,1
41,5,62.29605263,5.191337719,five,2,stickerfirst,blue-right,pen,2,transfer,4,R,L,1,1
41,5,62.29605263,5.191337719,five,2,stickerfirst,blue-right,pen,2,transfer,5,R,L,1,1
41,5,62.29605263,5.191337719,five,2,stickerfirst,blue-right,pen,2,transfer,6,L,R,1,1
41,5,62.29605263,5.191337719,five,2,stickerfirst,blue-right,pen,2,transfer,7,R,L,1,1
41,5,62.29605263,5.191337719,five,2,stickerfirst,blue-right,pen,2,transfer,8,L,R,1,1
41,5,62.29605263,5.191337719,five,2,stickerfirst,blue-right,sticker,1,test,1,L,L,1,1
41,5,62.29605263,5.191337719,five,2,stickerfirst,blue-right,sticker,1,test,2,R,R,1,1
41,5,62.29605263,5.191337719,five,2,stickerfirst,blue-right,sticker,1,test,3,R,R,1,1
41,5,62.29605263,5.191337719,five,2,stickerfirst,blue-right,sticker,1,test,4,L,L,1,1
41,5,62.29605263,5.191337719,five,2,stickerfirst,blue-right,sticker,1,test,5,R,R,1,1
41,5,62.29605263,5.191337719,five,2,stickerfirst,blue-right,sticker,1,test,6,L,L,1,1
41,5,62.29605263,5.191337719,five,2,stickerfirst,blue-right,sticker,1,test,7,L,L,1,1
41,5,62.29605263,5.191337719,five,2,stickerfirst,blue-right,sticker,1,test,8,R,R,1,1
42,3,38.96710526,3.247258772,three,1,stickerfirst,pink-right,pen,2,transfer,1,R,R,0,0
42,3,38.96710526,3.247258772,three,1,stickerfirst,pink-right,pen,2,transfer,2,L,R,1,0
42,3,38.96710526,3.247258772,three,1,stickerfirst,pink-right,pen,2,transfer,3,R,R,0,0
42,3,38.96710526,3.247258772,three,1,stickerfirst,pink-right,pen,2,transfer,4,L,R,1,0
42,3,38.96710526,3.247258772,three,1,stickerfirst,pink-right,pen,2,transfer,5,R,L,1,0
42,3,38.96710526,3.247258772,three,1,stickerfirst,pink-right,pen,2,transfer,6,L,L,0,0
42,3,38.96710526,3.247258772,three,1,stickerfirst,pink-right,pen,2,transfer,7,L,R,1,0
42,3,38.96710526,3.247258772,three,1,stickerfirst,pink-right,pen,2,transfer,8,R,L,1,0
42,3,38.96710526,3.247258772,three,1,stickerfirst,pink-right,sticker,1,test,1,L,R,0,0
42,3,38.96710526,3.247258772,three,1,stickerfirst,pink-right,sticker,1,test,2,L,L,1,0
42,3,38.96710526,3.247258772,three,1,stickerfirst,pink-right,sticker,1,test,3,R,R,1,0
42,3,38.96710526,3.247258772,three,1,stickerfirst,pink-right,sticker,1,test,4,L,L,1,0
42,3,38.96710526,3.247258772,three,1,stickerfirst,pink-right,sticker,1,test,5,R,R,1,0
42,3,38.96710526,3.247258772,three,1,stickerfirst,pink-right,sticker,1,test,6,R,R,1,0
42,3,38.96710526,3.247258772,three,1,stickerfirst,pink-right,sticker,1,test,7,L,R,0,0
42,3,38.96710526,3.247258772,three,1,stickerfirst,pink-right,sticker,1,test,8,R,L,0,0
43,4,56.63815789,4.719846491,four,1,stickerfirst,pink-right,pen,2,transfer,1,R,R,0,0
43,4,56.63815789,4.719846491,four,1,stickerfirst,pink-right,pen,2,transfer,2,L,L,0,0
43,4,56.63815789,4.719846491,four,1,stickerfirst,pink-right,pen,2,transfer,3,L,R,1,0
43,4,56.63815789,4.719846491,four,1,stickerfirst,pink-right,pen,2,transfer,4,R,L,1,0
43,4,56.63815789,4.719846491,four,1,stickerfirst,pink-right,pen,2,transfer,5,R,L,1,0
43,4,56.63815789,4.719846491,four,1,stickerfirst,pink-right,pen,2,transfer,6,L,R,1,0
43,4,56.63815789,4.719846491,four,1,stickerfirst,pink-right,pen,2,transfer,7,R,L,1,0
43,4,56.63815789,4.719846491,four,1,stickerfirst,pink-right,pen,2,transfer,8,L,L,0,0
43,4,56.63815789,4.719846491,four,1,stickerfirst,pink-right,sticker,1,test,1,L,R,0,0
43,4,56.63815789,4.719846491,four,1,stickerfirst,pink-right,sticker,1,test,2,R,L,0,0
43,4,56.63815789,4.719846491,four,1,stickerfirst,pink-right,sticker,1,test,3,R,R,1,0
43,4,56.63815789,4.719846491,four,1,stickerfirst,pink-right,sticker,1,test,4,L,L,1,0
43,4,56.63815789,4.719846491,four,1,stickerfirst,pink-right,sticker,1,test,5,R,R,1,0
43,4,56.63815789,4.719846491,four,1,stickerfirst,pink-right,sticker,1,test,6,L,L,1,0
43,4,56.63815789,4.719846491,four,1,stickerfirst,pink-right,sticker,1,test,7,L,L,1,0
43,4,56.63815789,4.719846491,four,1,stickerfirst,pink-right,sticker,1,test,8,R,L,0,0
45,4,49.53947368,4.128289474,four,2,penfirst,pink-right,pen,1,test,1,L,R,1,1
45,4,49.53947368,4.128289474,four,2,penfirst,pink-right,pen,1,test,2,L,R,1,1
45,4,49.53947368,4.128289474,four,2,penfirst,pink-right,pen,1,test,3,R,L,1,1
45,4,49.53947368,4.128289474,four,2,penfirst,pink-right,pen,1,test,4,L,R,1,1
45,4,49.53947368,4.128289474,four,2,penfirst,pink-right,pen,1,test,5,R,L,1,1
45,4,49.53947368,4.128289474,four,2,penfirst,pink-right,pen,1,test,6,R,L,1,1
45,4,49.53947368,4.128289474,four,2,penfirst,pink-right,pen,1,test,7,L,R,1,1
45,4,49.53947368,4.128289474,four,2,penfirst,pink-right,pen,1,test,8,R,L,1,1
45,4,49.53947368,4.128289474,four,2,penfirst,pink-right,sticker,2,transfer,1,R,R,1,1
45,4,49.53947368,4.128289474,four,2,penfirst,pink-right,sticker,2,transfer,2,L,R,0,1
45,4,49.53947368,4.128289474,four,2,penfirst,pink-right,sticker,2,transfer,3,R,R,1,1
45,4,49.53947368,4.128289474,four,2,penfirst,pink-right,sticker,2,transfer,4,L,L,1,1
45,4,49.53947368,4.128289474,four,2,penfirst,pink-right,sticker,2,transfer,5,R,R,1,1
45,4,49.53947368,4.128289474,four,2,penfirst,pink-right,sticker,2,transfer,6,L,L,1,1
45,4,49.53947368,4.128289474,four,2,penfirst,pink-right,sticker,2,transfer,7,L,L,1,1
45,4,49.53947368,4.128289474,four,2,penfirst,pink-right,sticker,2,transfer,8,R,R,1,1
46,3,39.19736842,3.266447368,three,1,penfirst,pink-right,pen,1,test,1,L,R,1,0
46,3,39.19736842,3.266447368,three,1,penfirst,pink-right,pen,1,test,2,L,R,1,0
46,3,39.19736842,3.266447368,three,1,penfirst,pink-right,pen,1,test,3,R,R,0,0
46,3,39.19736842,3.266447368,three,1,penfirst,pink-right,pen,1,test,4,L,L,0,0
46,3,39.19736842,3.266447368,three,1,penfirst,pink-right,pen,1,test,5,R,L,1,0
46,3,39.19736842,3.266447368,three,1,penfirst,pink-right,pen,1,test,6,R,L,1,0
46,3,39.19736842,3.266447368,three,1,penfirst,pink-right,pen,1,test,7,L,L,0,0
46,3,39.19736842,3.266447368,three,1,penfirst,pink-right,pen,1,test,8,R,L,1,0
46,3,39.19736842,3.266447368,three,1,penfirst,pink-right,sticker,2,transfer,1,R,L,0,0
46,3,39.19736842,3.266447368,three,1,penfirst,pink-right,sticker,2,transfer,2,L,L,1,0
46,3,39.19736842,3.266447368,three,1,penfirst,pink-right,sticker,2,transfer,3,R,L,0,0
46,3,39.19736842,3.266447368,three,1,penfirst,pink-right,sticker,2,transfer,4,L,L,1,0
46,3,39.19736842,3.266447368,three,1,penfirst,pink-right,sticker,2,transfer,5,R,L,0,0
46,3,39.19736842,3.266447368,three,1,penfirst,pink-right,sticker,2,transfer,6,L,L,1,0
46,3,39.19736842,3.266447368,three,1,penfirst,pink-right,sticker,2,transfer,7,L,L,1,0
46,3,39.19736842,3.266447368,three,1,penfirst,pink-right,sticker,2,transfer,8,R,L,0,0
48,4,54.70394737,4.558662281,four,1,stickerfirst,pink-right,pen,2,transfer,1,R,L,1,0
48,4,54.70394737,4.558662281,four,1,stickerfirst,pink-right,pen,2,transfer,2,L,R,1,0
48,4,54.70394737,4.558662281,four,1,stickerfirst,pink-right,pen,2,transfer,3,R,L,1,0
48,4,54.70394737,4.558662281,four,1,stickerfirst,pink-right,pen,2,transfer,4,L,R,1,0
48,4,54.70394737,4.558662281,four,1,stickerfirst,pink-right,pen,2,transfer,5,R,L,1,0
48,4,54.70394737,4.558662281,four,1,stickerfirst,pink-right,pen,2,transfer,6,L,R,1,0
48,4,54.70394737,4.558662281,four,1,stickerfirst,pink-right,pen,2,transfer,7,L,R,1,0
48,4,54.70394737,4.558662281,four,1,stickerfirst,pink-right,pen,2,transfer,8,R,R,0,0
48,4,54.70394737,4.558662281,four,1,stickerfirst,pink-right,sticker,1,test,1,L,R,0,0
48,4,54.70394737,4.558662281,four,1,stickerfirst,pink-right,sticker,1,test,2,L,L,1,0
48,4,54.70394737,4.558662281,four,1,stickerfirst,pink-right,sticker,1,test,3,R,L,0,0
48,4,54.70394737,4.558662281,four,1,stickerfirst,pink-right,sticker,1,test,4,L,R,0,0
48,4,54.70394737,4.558662281,four,1,stickerfirst,pink-right,sticker,1,test,5,R,R,1,0
48,4,54.70394737,4.558662281,four,1,stickerfirst,pink-right,sticker,1,test,6,R,R,1,0
48,4,54.70394737,4.558662281,four,1,stickerfirst,pink-right,sticker,1,test,7,L,R,0,0
48,4,54.70394737,4.558662281,four,1,stickerfirst,pink-right,sticker,1,test,8,R,L,0,0
49,4,48.67105263,4.055921053,four,1,penfirst,pink-right,pen,1,test,1,L,L,0,0
49,4,48.67105263,4.055921053,four,1,penfirst,pink-right,pen,1,test,2,R,R,0,0
49,4,48.67105263,4.055921053,four,1,penfirst,pink-right,pen,1,test,3,R,L,1,0
49,4,48.67105263,4.055921053,four,1,penfirst,pink-right,pen,1,test,4,L,R,1,0
49,4,48.67105263,4.055921053,four,1,penfirst,pink-right,pen,1,test,5,R,L,1,0
49,4,48.67105263,4.055921053,four,1,penfirst,pink-right,pen,1,test,6,L,R,1,0
49,4,48.67105263,4.055921053,four,1,penfirst,pink-right,pen,1,test,7,L,L,0,0
49,4,48.67105263,4.055921053,four,1,penfirst,pink-right,pen,1,test,8,R,R,0,0
49,4,48.67105263,4.055921053,four,1,penfirst,pink-right,sticker,2,transfer,1,R,R,1,0
49,4,48.67105263,4.055921053,four,1,penfirst,pink-right,sticker,2,transfer,2,L,L,1,0
49,4,48.67105263,4.055921053,four,1,penfirst,pink-right,sticker,2,transfer,3,L,L,1,0
49,4,48.67105263,4.055921053,four,1,penfirst,pink-right,sticker,2,transfer,4,R,R,1,0
49,4,48.67105263,4.055921053,four,1,penfirst,pink-right,sticker,2,transfer,5,R,R,1,0
49,4,48.67105263,4.055921053,four,1,penfirst,pink-right,sticker,2,transfer,6,L,L,1,0
49,4,48.67105263,4.055921053,four,1,penfirst,pink-right,sticker,2,transfer,7,R,R,1,0
49,4,48.67105263,4.055921053,four,1,penfirst,pink-right,sticker,2,transfer,8,L,L,1,0
53,5,68.76973684,5.730811404,five,2,penfirst,pink-right,pen,1,test,1,L,L,0,0
53,5,68.76973684,5.730811404,five,2,penfirst,pink-right,pen,1,test,2,R,L,1,0
53,5,68.76973684,5.730811404,five,2,penfirst,pink-right,pen,1,test,3,R,R,0,0
53,5,68.76973684,5.730811404,five,2,penfirst,pink-right,pen,1,test,4,L,L,0,0
53,5,68.76973684,5.730811404,five,2,penfirst,pink-right,pen,1,test,5,R,L,1,0
53,5,68.76973684,5.730811404,five,2,penfirst,pink-right,pen,1,test,6,L,R,1,0
53,5,68.76973684,5.730811404,five,2,penfirst,pink-right,pen,1,test,7,L,R,1,0
53,5,68.76973684,5.730811404,five,2,penfirst,pink-right,pen,1,test,8,R,L,1,0
53,5,68.76973684,5.730811404,five,2,penfirst,pink-right,sticker,2,transfer,1,R,R,1,0
53,5,68.76973684,5.730811404,five,2,penfirst,pink-right,sticker,2,transfer,2,L,L,1,0
53,5,68.76973684,5.730811404,five,2,penfirst,pink-right,sticker,2,transfer,3,L,L,1,0
53,5,68.76973684,5.730811404,five,2,penfirst,pink-right,sticker,2,transfer,4,R,R,1,0
53,5,68.76973684,5.730811404,five,2,penfirst,pink-right,sticker,2,transfer,5,R,R,1,0
53,5,68.76973684,5.730811404,five,2,penfirst,pink-right,sticker,2,transfer,6,L,L,1,0
53,5,68.76973684,5.730811404,five,2,penfirst,pink-right,sticker,2,transfer,7,R,R,1,0
53,5,68.76973684,5.730811404,five,2,penfirst,pink-right,sticker,2,transfer,8,L,L,1,0
54,3,36.46052632,3.038377193,three,1,stickerfirst,blue-right,pen,2,transfer,1,R,L,1,0
54,3,36.46052632,3.038377193,three,1,stickerfirst,blue-right,pen,2,transfer,2,L,L,0,0
54,3,36.46052632,3.038377193,three,1,stickerfirst,blue-right,pen,2,transfer,3,L,R,1,0
54,3,36.46052632,3.038377193,three,1,stickerfirst,blue-right,pen,2,transfer,4,R,L,1,0
54,3,36.46052632,3.038377193,three,1,stickerfirst,blue-right,pen,2,transfer,5,R,L,1,0
54,3,36.46052632,3.038377193,three,1,stickerfirst,blue-right,pen,2,transfer,6,L,R,1,0
54,3,36.46052632,3.038377193,three,1,stickerfirst,blue-right,pen,2,transfer,7,R,R,0,0
54,3,36.46052632,3.038377193,three,1,stickerfirst,blue-right,pen,2,transfer,8,L,L,0,0
54,3,36.46052632,3.038377193,three,1,stickerfirst,blue-right,sticker,1,test,1,L,L,1,0
54,3,36.46052632,3.038377193,three,1,stickerfirst,blue-right,sticker,1,test,2,R,L,0,0
54,3,36.46052632,3.038377193,three,1,stickerfirst,blue-right,sticker,1,test,3,R,R,1,0
54,3,36.46052632,3.038377193,three,1,stickerfirst,blue-right,sticker,1,test,4,L,L,1,0
54,3,36.46052632,3.038377193,three,1,stickerfirst,blue-right,sticker,1,test,5,R,R,1,0
54,3,36.46052632,3.038377193,three,1,stickerfirst,blue-right,sticker,1,test,6,L,R,0,0
54,3,36.46052632,3.038377193,three,1,stickerfirst,blue-right,sticker,1,test,7,L,L,1,0
54,3,36.46052632,3.038377193,three,1,stickerfirst,blue-right,sticker,1,test,8,R,L,0,0
55,4,57.39473684,4.782894737,four,2,penfirst,blue-right,pen,1,test,1,L,R,1,1
55,4,57.39473684,4.782894737,four,2,penfirst,blue-right,pen,1,test,2,R,L,1,1
55,4,57.39473684,4.782894737,four,2,penfirst,blue-right,pen,1,test,3,R,L,1,1
55,4,57.39473684,4.782894737,four,2,penfirst,blue-right,pen,1,test,4,L,R,1,1
55,4,57.39473684,4.782894737,four,2,penfirst,blue-right,pen,1,test,5,R,L,1,1
55,4,57.39473684,4.782894737,four,2,penfirst,blue-right,pen,1,test,6,L,R,1,1
55,4,57.39473684,4.782894737,four,2,penfirst,blue-right,pen,1,test,7,L,R,1,1
55,4,57.39473684,4.782894737,four,2,penfirst,blue-right,pen,1,test,8,R,L,1,1
55,4,57.39473684,4.782894737,four,2,penfirst,blue-right,sticker,2,transfer,1,R,R,1,1
55,4,57.39473684,4.782894737,four,2,penfirst,blue-right,sticker,2,transfer,2,L,L,1,1
55,4,57.39473684,4.782894737,four,2,penfirst,blue-right,sticker,2,transfer,3,L,L,1,1
55,4,57.39473684,4.782894737,four,2,penfirst,blue-right,sticker,2,transfer,4,R,R,1,1
55,4,57.39473684,4.782894737,four,2,penfirst,blue-right,sticker,2,transfer,5,R,R,1,1
55,4,57.39473684,4.782894737,four,2,penfirst,blue-right,sticker,2,transfer,6,L,L,1,1
55,4,57.39473684,4.782894737,four,2,penfirst,blue-right,sticker,2,transfer,7,R,R,1,1
55,4,57.39473684,4.782894737,four,2,penfirst,blue-right,sticker,2,transfer,8,L,L,1,1
56,3,47.39473684,3.949561404,three,2,stickerfirst,pink-right,pen,2,transfer,1,R,R,0,0
56,3,47.39473684,3.949561404,three,2,stickerfirst,pink-right,pen,2,transfer,2,L,R,1,0
56,3,47.39473684,3.949561404,three,2,stickerfirst,pink-right,pen,2,transfer,3,L,R,1,0
56,3,47.39473684,3.949561404,three,2,stickerfirst,pink-right,pen,2,transfer,4,R,R,0,0
56,3,47.39473684,3.949561404,three,2,stickerfirst,pink-right,pen,2,transfer,5,R,L,1,0
56,3,47.39473684,3.949561404,three,2,stickerfirst,pink-right,pen,2,transfer,6,L,R,1,0
56,3,47.39473684,3.949561404,three,2,stickerfirst,pink-right,pen,2,transfer,7,R,R,0,0
56,3,47.39473684,3.949561404,three,2,stickerfirst,pink-right,pen,2,transfer,8,L,L,0,0
56,3,47.39473684,3.949561404,three,2,stickerfirst,pink-right,sticker,1,test,1,L,L,1,0
56,3,47.39473684,3.949561404,three,2,stickerfirst,pink-right,sticker,1,test,2,R,L,0,0
56,3,47.39473684,3.949561404,three,2,stickerfirst,pink-right,sticker,1,test,3,R,R,1,0
56,3,47.39473684,3.949561404,three,2,stickerfirst,pink-right,sticker,1,test,4,L,R,0,0
56,3,47.39473684,3.949561404,three,2,stickerfirst,pink-right,sticker,1,test,5,R,R,1,0
56,3,47.39473684,3.949561404,three,2,stickerfirst,pink-right,sticker,1,test,6,L,L,1,0
56,3,47.39473684,3.949561404,three,2,stickerfirst,pink-right,sticker,1,test,7,L,L,1,0
56,3,47.39473684,3.949561404,three,2,stickerfirst,pink-right,sticker,1,test,8,R,R,1,0
57,5,63.46052632,5.288377193,five,1,stickerfirst,pink-right,pen,2,transfer,1,R,L,1,1
57,5,63.46052632,5.288377193,five,1,stickerfirst,pink-right,pen,2,transfer,2,L,R,1,1
57,5,63.46052632,5.288377193,five,1,stickerfirst,pink-right,pen,2,transfer,3,R,L,1,1
57,5,63.46052632,5.288377193,five,1,stickerfirst,pink-right,pen,2,transfer,4,L,R,1,1
57,5,63.46052632,5.288377193,five,1,stickerfirst,pink-right,pen,2,transfer,5,R,L,1,1
57,5,63.46052632,5.288377193,five,1,stickerfirst,pink-right,pen,2,transfer,6,L,R,1,1
57,5,63.46052632,5.288377193,five,1,stickerfirst,pink-right,pen,2,transfer,7,L,L,0,1
57,5,63.46052632,5.288377193,five,1,stickerfirst,pink-right,pen,2,transfer,8,R,R,1,1
57,5,63.46052632,5.288377193,five,1,stickerfirst,pink-right,sticker,1,test,1,L,L,1,1
57,5,63.46052632,5.288377193,five,1,stickerfirst,pink-right,sticker,1,test,2,L,L,1,1
57,5,63.46052632,5.288377193,five,1,stickerfirst,pink-right,sticker,1,test,3,R,R,1,1
57,5,63.46052632,5.288377193,five,1,stickerfirst,pink-right,sticker,1,test,4,L,L,1,1
57,5,63.46052632,5.288377193,five,1,stickerfirst,pink-right,sticker,1,test,5,R,R,1,1
57,5,63.46052632,5.288377193,five,1,stickerfirst,pink-right,sticker,1,test,6,R,L,0,1
57,5,63.46052632,5.288377193,five,1,stickerfirst,pink-right,sticker,1,test,7,L,L,1,1
57,5,63.46052632,5.288377193,five,1,stickerfirst,pink-right,sticker,1,test,8,R,R,1,1
58,4,48.36184211,4.030153509,four,1,stickerfirst,blue-right,pen,2,transfer,1,R,L,1,1
58,4,48.36184211,4.030153509,four,1,stickerfirst,blue-right,pen,2,transfer,2,L,R,1,1
58,4,48.36184211,4.030153509,four,1,stickerfirst,blue-right,pen,2,transfer,3,R,L,1,1
58,4,48.36184211,4.030153509,four,1,stickerfirst,blue-right,pen,2,transfer,4,L,L,0,1
58,4,48.36184211,4.030153509,four,1,stickerfirst,blue-right,pen,2,transfer,5,R,L,1,1
58,4,48.36184211,4.030153509,four,1,stickerfirst,blue-right,pen,2,transfer,6,L,R,1,1
58,4,48.36184211,4.030153509,four,1,stickerfirst,blue-right,pen,2,transfer,7,L,R,1,1
58,4,48.36184211,4.030153509,four,1,stickerfirst,blue-right,pen,2,transfer,8,R,L,1,1
58,4,48.36184211,4.030153509,four,1,stickerfirst,blue-right,sticker,1,test,1,L,L,1,1
58,4,48.36184211,4.030153509,four,1,stickerfirst,blue-right,sticker,1,test,2,L,R,0,1
58,4,48.36184211,4.030153509,four,1,stickerfirst,blue-right,sticker,1,test,3,R,R,1,1
58,4,48.36184211,4.030153509,four,1,stickerfirst,blue-right,sticker,1,test,4,L,L,1,1
58,4,48.36184211,4.030153509,four,1,stickerfirst,blue-right,sticker,1,test,5,R,R,1,1
58,4,48.36184211,4.030153509,four,1,stickerfirst,blue-right,sticker,1,test,6,R,R,1,1
58,4,48.36184211,4.030153509,four,1,stickerfirst,blue-right,sticker,1,test,7,L,L,1,1
58,4,48.36184211,4.030153509,four,1,stickerfirst,blue-right,sticker,1,test,8,R,R,1,1
59,4,57.49342105,4.791118421,four,2,penfirst,blue-right,pen,1,test,1,L,L,0,0
59,4,57.49342105,4.791118421,four,2,penfirst,blue-right,pen,1,test,2,R,L,1,0
59,4,57.49342105,4.791118421,four,2,penfirst,blue-right,pen,1,test,3,R,R,0,0
59,4,57.49342105,4.791118421,four,2,penfirst,blue-right,pen,1,test,4,L,L,0,0
59,4,57.49342105,4.791118421,four,2,penfirst,blue-right,pen,1,test,5,L,R,1,0
59,4,57.49342105,4.791118421,four,2,penfirst,blue-right,pen,1,test,6,L,R,1,0
59,4,57.49342105,4.791118421,four,2,penfirst,blue-right,pen,1,test,7,R,L,1,0
59,4,57.49342105,4.791118421,four,2,penfirst,blue-right,pen,1,test,8,R,R,0,0
59,4,57.49342105,4.791118421,four,2,penfirst,blue-right,sticker,2,transfer,1,R,R,1,0
59,4,57.49342105,4.791118421,four,2,penfirst,blue-right,sticker,2,transfer,2,L,L,1,0
59,4,57.49342105,4.791118421,four,2,penfirst,blue-right,sticker,2,transfer,3,L,R,0,0
59,4,57.49342105,4.791118421,four,2,penfirst,blue-right,sticker,2,transfer,4,R,R,1,0
59,4,57.49342105,4.791118421,four,2,penfirst,blue-right,sticker,2,transfer,5,R,L,0,0
59,4,57.49342105,4.791118421,four,2,penfirst,blue-right,sticker,2,transfer,6,L,R,0,0
59,4,57.49342105,4.791118421,four,2,penfirst,blue-right,sticker,2,transfer,7,R,L,0,0
59,4,57.49342105,4.791118421,four,2,penfirst,blue-right,sticker,2,transfer,8,L,L,1,0
60,4,53.06578947,4.422149123,four,1,penfirst,blue-right,pen,1,test,1,L,L,0,0
60,4,53.06578947,4.422149123,four,1,penfirst,blue-right,pen,1,test,2,L,R,1,0
60,4,53.06578947,4.422149123,four,1,penfirst,blue-right,pen,1,test,3,R,L,1,0
60,4,53.06578947,4.422149123,four,1,penfirst,blue-right,pen,1,test,4,L,R,1,0
60,4,53.06578947,4.422149123,four,1,penfirst,blue-right,pen,1,test,5,R,L,1,0
60,4,53.06578947,4.422149123,four,1,penfirst,blue-right,pen,1,test,6,R,L,1,0
60,4,53.06578947,4.422149123,four,1,penfirst,blue-right,pen,1,test,7,L,R,1,0
60,4,53.06578947,4.422149123,four,1,penfirst,blue-right,pen,1,test,8,R,L,1,0
60,4,53.06578947,4.422149123,four,1,penfirst,blue-right,sticker,2,transfer,1,R,L,0,0
60,4,53.06578947,4.422149123,four,1,penfirst,blue-right,sticker,2,transfer,2,L,R,0,0
60,4,53.06578947,4.422149123,four,1,penfirst,blue-right,sticker,2,transfer,3,R,R,1,0
60,4,53.06578947,4.422149123,four,1,penfirst,blue-right,sticker,2,transfer,4,R,R,1,0
60,4,53.06578947,4.422149123,four,1,penfirst,blue-right,sticker,2,transfer,5,L,L,1,0
60,4,53.06578947,4.422149123,four,1,penfirst,blue-right,sticker,2,transfer,6,R,L,0,0
60,4,53.06578947,4.422149123,four,1,penfirst,blue-right,sticker,2,transfer,7,L,L,1,0
60,4,53.06578947,4.422149123,four,1,penfirst,blue-right,sticker,2,transfer,8,R,L,0,0
62,3,37.32894737,3.110745614,three,1,stickerfirst,blue-right,pen,2,transfer,1,R,L,1,0
62,3,37.32894737,3.110745614,three,1,stickerfirst,blue-right,pen,2,transfer,2,L,L,0,0
62,3,37.32894737,3.110745614,three,1,stickerfirst,blue-right,pen,2,transfer,3,R,L,1,0
62,3,37.32894737,3.110745614,three,1,stickerfirst,blue-right,pen,2,transfer,4,L,L,0,0
62,3,37.32894737,3.110745614,three,1,stickerfirst,blue-right,pen,2,transfer,5,R,L,1,0
62,3,37.32894737,3.110745614,three,1,stickerfirst,blue-right,pen,2,transfer,6,L,L,0,0
62,3,37.32894737,3.110745614,three,1,stickerfirst,blue-right,pen,2,transfer,7,L,L,0,0
62,3,37.32894737,3.110745614,three,1,stickerfirst,blue-right,pen,2,transfer,8,R,R,0,0
62,3,37.32894737,3.110745614,three,1,stickerfirst,blue-right,sticker,1,test,1,L,L,1,0
62,3,37.32894737,3.110745614,three,1,stickerfirst,blue-right,sticker,1,test,2,L,R,0,0
62,3,37.32894737,3.110745614,three,1,stickerfirst,blue-right,sticker,1,test,3,R,R,1,0
62,3,37.32894737,3.110745614,three,1,stickerfirst,blue-right,sticker,1,test,4,L,L,1,0
62,3,37.32894737,3.110745614,three,1,stickerfirst,blue-right,sticker,1,test,5,R,R,1,0
62,3,37.32894737,3.110745614,three,1,stickerfirst,blue-right,sticker,1,test,6,R,L,0,0
62,3,37.32894737,3.110745614,three,1,stickerfirst,blue-right,sticker,1,test,7,L,L,1,0
62,3,37.32894737,3.110745614,three,1,stickerfirst,blue-right,sticker,1,test,8,R,R,1,0
63,4,51.93421053,4.327850877,four,1,penfirst,pink-right,pen,1,test,1,L,R,1,0
63,4,51.93421053,4.327850877,four,1,penfirst,pink-right,pen,1,test,2,L,L,0,0
63,4,51.93421053,4.327850877,four,1,penfirst,pink-right,pen,1,test,3,R,L,1,0
63,4,51.93421053,4.327850877,four,1,penfirst,pink-right,pen,1,test,4,L,R,1,0
63,4,51.93421053,4.327850877,four,1,penfirst,pink-right,pen,1,test,5,R,L,1,0
63,4,51.93421053,4.327850877,four,1,penfirst,pink-right,pen,1,test,6,R,R,0,0
63,4,51.93421053,4.327850877,four,1,penfirst,pink-right,pen,1,test,7,L,R,1,0
63,4,51.93421053,4.327850877,four,1,penfirst,pink-right,pen,1,test,8,R,R,0,0
63,4,51.93421053,4.327850877,four,1,penfirst,pink-right,sticker,2,transfer,1,R,R,1,0
63,4,51.93421053,4.327850877,four,1,penfirst,pink-right,sticker,2,transfer,2,L,L,1,0
63,4,51.93421053,4.327850877,four,1,penfirst,pink-right,sticker,2,transfer,3,R,R,1,0
63,4,51.93421053,4.327850877,four,1,penfirst,pink-right,sticker,2,transfer,4,L,L,1,0
63,4,51.93421053,4.327850877,four,1,penfirst,pink-right,sticker,2,transfer,5,R,L,0,0
63,4,51.93421053,4.327850877,four,1,penfirst,pink-right,sticker,2,transfer,6,L,L,1,0
63,4,51.93421053,4.327850877,four,1,penfirst,pink-right,sticker,2,transfer,7,L,L,1,0
63,4,51.93421053,4.327850877,four,1,penfirst,pink-right,sticker,2,transfer,8,R,R,1,0
64,5,61,5.083333333,five,2,stickerfirst,blue-right,pen,2,transfer,1,R,R,0,1
64,5,61,5.083333333,five,2,stickerfirst,blue-right,pen,2,transfer,2,L,L,0,1
64,5,61,5.083333333,five,2,stickerfirst,blue-right,pen,2,transfer,3,R,L,1,1
64,5,61,5.083333333,five,2,stickerfirst,blue-right,pen,2,transfer,4,L,R,1,1
64,5,61,5.083333333,five,2,stickerfirst,blue-right,pen,2,transfer,5,R,L,1,1
64,5,61,5.083333333,five,2,stickerfirst,blue-right,pen,2,transfer,6,L,R,1,1
64,5,61,5.083333333,five,2,stickerfirst,blue-right,pen,2,transfer,7,L,R,1,1
64,5,61,5.083333333,five,2,stickerfirst,blue-right,pen,2,transfer,8,R,L,1,1
64,5,61,5.083333333,five,2,stickerfirst,blue-right,sticker,1,test,1,L,R,0,1
64,5,61,5.083333333,five,2,stickerfirst,blue-right,sticker,1,test,2,L,L,1,1
64,5,61,5.083333333,five,2,stickerfirst,blue-right,sticker,1,test,3,R,R,1,1
64,5,61,5.083333333,five,2,stickerfirst,blue-right,sticker,1,test,4,L,L,1,1
64,5,61,5.083333333,five,2,stickerfirst,blue-right,sticker,1,test,5,R,R,1,1
64,5,61,5.083333333,five,2,stickerfirst,blue-right,sticker,1,test,6,R,R,1,1
64,5,61,5.083333333,five,2,stickerfirst,blue-right,sticker,1,test,7,L,L,1,1
64,5,61,5.083333333,five,2,stickerfirst,blue-right,sticker,1,test,8,R,R,1,1
65,5,67.2,5.6,five,2,penfirst,blue-right,pen,1,test,1,L,R,1,0
65,5,67.2,5.6,five,2,penfirst,blue-right,pen,1,test,2,L,R,1,0
65,5,67.2,5.6,five,2,penfirst,blue-right,pen,1,test,3,R,L,1,0
65,5,67.2,5.6,five,2,penfirst,blue-right,pen,1,test,4,L,R,1,0
65,5,67.2,5.6,five,2,penfirst,blue-right,pen,1,test,5,R,L,1,0
65,5,67.2,5.6,five,2,penfirst,blue-right,pen,1,test,6,R,L,1,0
65,5,67.2,5.6,five,2,penfirst,blue-right,pen,1,test,7,L,R,1,0
65,5,67.2,5.6,five,2,penfirst,blue-right,pen,1,test,8,R,R,1,0
65,5,67.2,5.6,five,2,penfirst,blue-right,sticker,2,transfer,1,R,L,1,0
65,5,67.2,5.6,five,2,penfirst,blue-right,sticker,2,transfer,2,L,L,1,0
65,5,67.2,5.6,five,2,penfirst,blue-right,sticker,2,transfer,3,R,R,1,0
65,5,67.2,5.6,five,2,penfirst,blue-right,sticker,2,transfer,4,L,L,1,0
65,5,67.2,5.6,five,2,penfirst,blue-right,sticker,2,transfer,5,R,R,1,0
65,5,67.2,5.6,five,2,penfirst,blue-right,sticker,2,transfer,6,L,L,1,0
65,5,67.2,5.6,five,2,penfirst,blue-right,sticker,2,transfer,7,L,L,1,0
65,5,67.2,5.6,five,2,penfirst,blue-right,sticker,2,transfer,8,R,R,1,0
66,5,66.42763158,5.535635965,five,2,stickerfirst,pink-right,pen,2,transfer,1,R,R,0,1
66,5,66.42763158,5.535635965,five,2,stickerfirst,pink-right,pen,2,transfer,2,L,L,0,1
66,5,66.42763158,5.535635965,five,2,stickerfirst,pink-right,pen,2,transfer,3,L,R,1,1
66,5,66.42763158,5.535635965,five,2,stickerfirst,pink-right,pen,2,transfer,4,R,R,0,1
66,5,66.42763158,5.535635965,five,2,stickerfirst,pink-right,pen,2,transfer,5,R,L,1,1
66,5,66.42763158,5.535635965,five,2,stickerfirst,pink-right,pen,2,transfer,6,L,R,1,1
66,5,66.42763158,5.535635965,five,2,stickerfirst,pink-right,pen,2,transfer,7,R,R,0,1
66,5,66.42763158,5.535635965,five,2,stickerfirst,pink-right,pen,2,transfer,8,L,R,1,1
66,5,66.42763158,5.535635965,five,2,stickerfirst,pink-right,sticker,1,test,1,L,R,0,1
66,5,66.42763158,5.535635965,five,2,stickerfirst,pink-right,sticker,1,test,2,R,R,1,1
66,5,66.42763158,5.535635965,five,2,stickerfirst,pink-right,sticker,1,test,3,R,L,0,1
66,5,66.42763158,5.535635965,five,2,stickerfirst,pink-right,sticker,1,test,4,L,R,0,1
66,5,66.42763158,5.535635965,five,2,stickerfirst,pink-right,sticker,1,test,5,R,L,0,1
66,5,66.42763158,5.535635965,five,2,stickerfirst,pink-right,sticker,1,test,6,L,R,0,1
66,5,66.42763158,5.535635965,five,2,stickerfirst,pink-right,sticker,1,test,7,L,L,1,1
66,5,66.42763158,5.535635965,five,2,stickerfirst,pink-right,sticker,1,test,8,R,L,0,1
67,3,46.60526316,3.88377193,three,2,stickerfirst,pink-right,pen,2,transfer,1,R,R,0,0
67,3,46.60526316,3.88377193,three,2,stickerfirst,pink-right,pen,2,transfer,2,L,R,1,0
67,3,46.60526316,3.88377193,three,2,stickerfirst,pink-right,pen,2,transfer,3,R,R,0,0
67,3,46.60526316,3.88377193,three,2,stickerfirst,pink-right,pen,2,transfer,4,L,R,1,0
67,3,46.60526316,3.88377193,three,2,stickerfirst,pink-right,pen,2,transfer,5,R,R,0,0
67,3,46.60526316,3.88377193,three,2,stickerfirst,pink-right,pen,2,transfer,6,L,R,1,0
67,3,46.60526316,3.88377193,three,2,stickerfirst,pink-right,pen,2,transfer,7,L,R,1,0
67,3,46.60526316,3.88377193,three,2,stickerfirst,pink-right,pen,2,transfer,8,R,R,0,0
67,3,46.60526316,3.88377193,three,2,stickerfirst,pink-right,sticker,1,test,1,L,L,1,0
67,3,46.60526316,3.88377193,three,2,stickerfirst,pink-right,sticker,1,test,2,L,R,0,0
67,3,46.60526316,3.88377193,three,2,stickerfirst,pink-right,sticker,1,test,3,R,R,1,0
67,3,46.60526316,3.88377193,three,2,stickerfirst,pink-right,sticker,1,test,4,L,R,0,0
67,3,46.60526316,3.88377193,three,2,stickerfirst,pink-right,sticker,1,test,5,R,R,1,0
67,3,46.60526316,3.88377193,three,2,stickerfirst,pink-right,sticker,1,test,6,R,R,1,0
67,3,46.60526316,3.88377193,three,2,stickerfirst,pink-right,sticker,1,test,7,L,R,0,0
67,3,46.60526316,3.88377193,three,2,stickerfirst,pink-right,sticker,1,test,8,R,R,1,0
69,4,53.60526316,4.467105263,four,1,penfirst,pink-right,pen,1,test,1,L,R,1,0
69,4,53.60526316,4.467105263,four,1,penfirst,pink-right,pen,1,test,2,L,R,1,0
69,4,53.60526316,4.467105263,four,1,penfirst,pink-right,pen,1,test,3,R,L,1,0
69,4,53.60526316,4.467105263,four,1,penfirst,pink-right,pen,1,test,4,L,R,1,0
69,4,53.60526316,4.467105263,four,1,penfirst,pink-right,pen,1,test,5,R,L,1,0
69,4,53.60526316,4.467105263,four,1,penfirst,pink-right,pen,1,test,6,R,L,1,0
69,4,53.60526316,4.467105263,four,1,penfirst,pink-right,pen,1,test,7,L,R,1,0
69,4,53.60526316,4.467105263,four,1,penfirst,pink-right,pen,1,test,8,R,L,1,0
69,4,53.60526316,4.467105263,four,1,penfirst,pink-right,sticker,2,transfer,1,R,R,1,0
69,4,53.60526316,4.467105263,four,1,penfirst,pink-right,sticker,2,transfer,2,L,L,1,0
69,4,53.60526316,4.467105263,four,1,penfirst,pink-right,sticker,2,transfer,3,R,R,1,0
69,4,53.60526316,4.467105263,four,1,penfirst,pink-right,sticker,2,transfer,4,L,L,1,0
69,4,53.60526316,4.467105263,four,1,penfirst,pink-right,sticker,2,transfer,5,R,R,1,0
69,4,53.60526316,4.467105263,four,1,penfirst,pink-right,sticker,2,transfer,6,L,L,1,0
69,4,53.60526316,4.467105263,four,1,penfirst,pink-right,sticker,2,transfer,7,L,R,0,0
69,4,53.60526316,4.467105263,four,1,penfirst,pink-right,sticker,2,transfer,8,R,R,1,0
70,3,40.55921053,3.379934211,three,2,stickerfirst,pink-right,pen,2,transfer,1,R,L,1,0
70,3,40.55921053,3.379934211,three,2,stickerfirst,pink-right,pen,2,transfer,2,L,L,0,0
70,3,40.55921053,3.379934211,three,2,stickerfirst,pink-right,pen,2,transfer,3,L,L,0,0
70,3,40.55921053,3.379934211,three,2,stickerfirst,pink-right,pen,2,transfer,4,R,R,0,0
70,3,40.55921053,3.379934211,three,2,stickerfirst,pink-right,pen,2,transfer,5,R,L,1,0
70,3,40.55921053,3.379934211,three,2,stickerfirst,pink-right,pen,2,transfer,6,L,L,0,0
70,3,40.55921053,3.379934211,three,2,stickerfirst,pink-right,pen,2,transfer,7,R,L,1,0
70,3,40.55921053,3.379934211,three,2,stickerfirst,pink-right,pen,2,transfer,8,L,L,0,0
70,3,40.55921053,3.379934211,three,2,stickerfirst,pink-right,sticker,1,test,1,L,L,1,0
70,3,40.55921053,3.379934211,three,2,stickerfirst,pink-right,sticker,1,test,2,R,R,1,0
70,3,40.55921053,3.379934211,three,2,stickerfirst,pink-right,sticker,1,test,3,R,L,0,0
70,3,40.55921053,3.379934211,three,2,stickerfirst,pink-right,sticker,1,test,4,L,L,1,0
70,3,40.55921053,3.379934211,three,2,stickerfirst,pink-right,sticker,1,test,5,R,R,1,0
70,3,40.55921053,3.379934211,three,2,stickerfirst,pink-right,sticker,1,test,6,L,R,0,0
70,3,40.55921053,3.379934211,three,2,stickerfirst,pink-right,sticker,1,test,7,L,L,1,0
70,3,40.55921053,3.379934211,three,2,stickerfirst,pink-right,sticker,1,test,8,R,R,1,0
72,4,56.03289474,4.669407895,four,2,stickerfirst,pink-right,pen,2,transfer,1,R,L,1,1
72,4,56.03289474,4.669407895,four,2,stickerfirst,pink-right,pen,2,transfer,2,L,R,1,1
72,4,56.03289474,4.669407895,four,2,stickerfirst,pink-right,pen,2,transfer,3,L,R,1,1
72,4,56.03289474,4.669407895,four,2,stickerfirst,pink-right,pen,2,transfer,4,R,L,1,1
72,4,56.03289474,4.669407895,four,2,stickerfirst,pink-right,pen,2,transfer,5,R,L,1,1
72,4,56.03289474,4.669407895,four,2,stickerfirst,pink-right,pen,2,transfer,6,L,L,0,1
72,4,56.03289474,4.669407895,four,2,stickerfirst,pink-right,pen,2,transfer,7,R,L,1,1
72,4,56.03289474,4.669407895,four,2,stickerfirst,pink-right,pen,2,transfer,8,L,R,1,1
72,4,56.03289474,4.669407895,four,2,stickerfirst,pink-right,sticker,1,test,1,L,L,1,1
72,4,56.03289474,4.669407895,four,2,stickerfirst,pink-right,sticker,1,test,2,R,R,1,1
72,4,56.03289474,4.669407895,four,2,stickerfirst,pink-right,sticker,1,test,3,R,R,1,1
72,4,56.03289474,4.669407895,four,2,stickerfirst,pink-right,sticker,1,test,4,L,L,1,1
72,4,56.03289474,4.669407895,four,2,stickerfirst,pink-right,sticker,1,test,5,R,R,1,1
72,4,56.03289474,4.669407895,four,2,stickerfirst,pink-right,sticker,1,test,6,L,L,1,1
72,4,56.03289474,4.669407895,four,2,stickerfirst,pink-right,sticker,1,test,7,L,L,1,1
72,4,56.03289474,4.669407895,four,2,stickerfirst,pink-right,sticker,1,test,8,R,R,1,1
73,4,55.26315789,4.605263158,four,1,stickerfirst,pink-right,pen,2,transfer,1,R,R,0,0
73,4,55.26315789,4.605263158,four,1,stickerfirst,pink-right,pen,2,transfer,2,L,L,0,0
73,4,55.26315789,4.605263158,four,1,stickerfirst,pink-right,pen,2,transfer,3,L,L,0,0
73,4,55.26315789,4.605263158,four,1,stickerfirst,pink-right,pen,2,transfer,4,R,L,1,0
73,4,55.26315789,4.605263158,four,1,stickerfirst,pink-right,pen,2,transfer,5,R,L,1,0
73,4,55.26315789,4.605263158,four,1,stickerfirst,pink-right,pen,2,transfer,6,L,L,0,0
73,4,55.26315789,4.605263158,four,1,stickerfirst,pink-right,pen,2,transfer,7,R,L,1,0
73,4,55.26315789,4.605263158,four,1,stickerfirst,pink-right,pen,2,transfer,8,L,R,1,0
73,4,55.26315789,4.605263158,four,1,stickerfirst,pink-right,sticker,1,test,1,L,L,1,0
73,4,55.26315789,4.605263158,four,1,stickerfirst,pink-right,sticker,1,test,2,R,R,1,0
73,4,55.26315789,4.605263158,four,1,stickerfirst,pink-right,sticker,1,test,3,R,R,1,0
73,4,55.26315789,4.605263158,four,1,stickerfirst,pink-right,sticker,1,test,4,L,L,1,0
73,4,55.26315789,4.605263158,four,1,stickerfirst,pink-right,sticker,1,test,5,R,R,1,0
73,4,55.26315789,4.605263158,four,1,stickerfirst,pink-right,sticker,1,test,6,L,L,1,0
73,4,55.26315789,4.605263158,four,1,stickerfirst,pink-right,sticker,1,test,7,L,L,1,0
73,4,55.26315789,4.605263158,four,1,stickerfirst,pink-right,sticker,1,test,8,R,L,0,0
75,3,37.32894737,3.110745614,three,2,penfirst,blue-right,pen,1,test,1,L,L,0,0
75,3,37.32894737,3.110745614,three,2,penfirst,blue-right,pen,1,test,2,R,L,1,0
75,3,37.32894737,3.110745614,three,2,penfirst,blue-right,pen,1,test,3,R,L,1,0
75,3,37.32894737,3.110745614,three,2,penfirst,blue-right,pen,1,test,4,L,L,0,0
75,3,37.32894737,3.110745614,three,2,penfirst,blue-right,pen,1,test,5,R,L,1,0
75,3,37.32894737,3.110745614,three,2,penfirst,blue-right,pen,1,test,6,L,L,0,0
75,3,37.32894737,3.110745614,three,2,penfirst,blue-right,pen,1,test,7,L,L,0,0
75,3,37.32894737,3.110745614,three,2,penfirst,blue-right,pen,1,test,8,R,L,1,0
75,3,37.32894737,3.110745614,three,2,penfirst,blue-right,sticker,2,transfer,1,R,L,0,0
75,3,37.32894737,3.110745614,three,2,penfirst,blue-right,sticker,2,transfer,2,L,L,1,0
75,3,37.32894737,3.110745614,three,2,penfirst,blue-right,sticker,2,transfer,3,L,R,0,0
75,3,37.32894737,3.110745614,three,2,penfirst,blue-right,sticker,2,transfer,4,R,L,0,0
75,3,37.32894737,3.110745614,three,2,penfirst,blue-right,sticker,2,transfer,5,R,R,1,0
75,3,37.32894737,3.110745614,three,2,penfirst,blue-right,sticker,2,transfer,6,L,L,1,0
75,3,37.32894737,3.110745614,three,2,penfirst,blue-right,sticker,2,transfer,7,R,L,0,0
75,3,37.32894737,3.110745614,three,2,penfirst,blue-right,sticker,2,transfer,8,L,R,0,0
76,3,39.73684211,3.311403509,three,1,penfirst,pink-right,pen,1,test,1,L,L,0,0
76,3,39.73684211,3.311403509,three,1,penfirst,pink-right,pen,1,test,2,R,R,0,0
76,3,39.73684211,3.311403509,three,1,penfirst,pink-right,pen,1,test,3,R,L,1,0
76,3,39.73684211,3.311403509,three,1,penfirst,pink-right,pen,1,test,4,L,L,0,0
76,3,39.73684211,3.311403509,three,1,penfirst,pink-right,pen,1,test,5,R,L,1,0
76,3,39.73684211,3.311403509,three,1,penfirst,pink-right,pen,1,test,6,L,L,0,0
76,3,39.73684211,3.311403509,three,1,penfirst,pink-right,pen,1,test,7,L,R,1,0
76,3,39.73684211,3.311403509,three,1,penfirst,pink-right,pen,1,test,8,R,R,0,0
76,3,39.73684211,3.311403509,three,1,penfirst,pink-right,sticker,2,transfer,1,R,L,0,0
76,3,39.73684211,3.311403509,three,1,penfirst,pink-right,sticker,2,transfer,2,L,R,0,0
76,3,39.73684211,3.311403509,three,1,penfirst,pink-right,sticker,2,transfer,3,L,L,1,0
76,3,39.73684211,3.311403509,three,1,penfirst,pink-right,sticker,2,transfer,4,R,L,0,0
76,3,39.73684211,3.311403509,three,1,penfirst,pink-right,sticker,2,transfer,5,R,R,1,0
76,3,39.73684211,3.311403509,three,1,penfirst,pink-right,sticker,2,transfer,6,L,L,1,0
76,3,39.73684211,3.311403509,three,1,penfirst,pink-right,sticker,2,transfer,7,R,R,1,0
76,3,39.73684211,3.311403509,three,1,penfirst,pink-right,sticker,2,transfer,8,L,R,0,0
77,3,38.80263158,3.233552632,three,1,penfirst,blue-right,pen,1,test,1,L,L,0,0
77,3,38.80263158,3.233552632,three,1,penfirst,blue-right,pen,1,test,2,L,R,1,0
77,3,38.80263158,3.233552632,three,1,penfirst,blue-right,pen,1,test,3,R,L,1,0
77,3,38.80263158,3.233552632,three,1,penfirst,blue-right,pen,1,test,4,L,R,1,0
77,3,38.80263158,3.233552632,three,1,penfirst,blue-right,pen,1,test,5,R,R,0,0
77,3,38.80263158,3.233552632,three,1,penfirst,blue-right,pen,1,test,6,R,R,0,0
77,3,38.80263158,3.233552632,three,1,penfirst,blue-right,pen,1,test,7,L,L,0,0
77,3,38.80263158,3.233552632,three,1,penfirst,blue-right,pen,1,test,8,R,L,1,0
77,3,38.80263158,3.233552632,three,1,penfirst,blue-right,sticker,2,transfer,1,R,L,0,0
77,3,38.80263158,3.233552632,three,1,penfirst,blue-right,sticker,2,transfer,2,L,L,1,0
77,3,38.80263158,3.233552632,three,1,penfirst,blue-right,sticker,2,transfer,3,R,R,1,0
77,3,38.80263158,3.233552632,three,1,penfirst,blue-right,sticker,2,transfer,4,L,L,1,0
77,3,38.80263158,3.233552632,three,1,penfirst,blue-right,sticker,2,transfer,5,R,L,0,0
77,3,38.80263158,3.233552632,three,1,penfirst,blue-right,sticker,2,transfer,6,L,L,1,0
77,3,38.80263158,3.233552632,three,1,penfirst,blue-right,sticker,2,transfer,7,L,R,0,0
77,3,38.80263158,3.233552632,three,1,penfirst,blue-right,sticker,2,transfer,8,R,L,0,0
78,4,49.59210526,4.132675439,four,1,stickerfirst,blue-right,pen,2,transfer,1,R,R,0,0
78,4,49.59210526,4.132675439,four,1,stickerfirst,blue-right,pen,2,transfer,2,L,L,0,0
78,4,49.59210526,4.132675439,four,1,stickerfirst,blue-right,pen,2,transfer,3,R,R,0,0
78,4,49.59210526,4.132675439,four,1,stickerfirst,blue-right,pen,2,transfer,4,L,L,0,0
78,4,49.59210526,4.132675439,four,1,stickerfirst,blue-right,pen,2,transfer,5,R,L,1,0
78,4,49.59210526,4.132675439,four,1,stickerfirst,blue-right,pen,2,transfer,6,L,R,1,0
78,4,49.59210526,4.132675439,four,1,stickerfirst,blue-right,pen,2,transfer,7,L,R,1,0
78,4,49.59210526,4.132675439,four,1,stickerfirst,blue-right,pen,2,transfer,8,R,R,0,0
78,4,49.59210526,4.132675439,four,1,stickerfirst,blue-right,sticker,1,test,1,L,R,0,0
78,4,49.59210526,4.132675439,four,1,stickerfirst,blue-right,sticker,1,test,2,L,L,1,0
78,4,49.59210526,4.132675439,four,1,stickerfirst,blue-right,sticker,1,test,3,R,R,1,0
78,4,49.59210526,4.132675439,four,1,stickerfirst,blue-right,sticker,1,test,4,L,L,1,0
78,4,49.59210526,4.132675439,four,1,stickerfirst,blue-right,sticker,1,test,5,R,L,0,0
78,4,49.59210526,4.132675439,four,1,stickerfirst,blue-right,sticker,1,test,6,R,L,0,0
78,4,49.59210526,4.132675439,four,1,stickerfirst,blue-right,sticker,1,test,7,L,R,0,0
78,4,49.59210526,4.132675439,four,1,stickerfirst,blue-right,sticker,1,test,8,R,L,0,0
80,4,58.65789474,4.888157895,four,1,stickerfirst,blue-right,pen,2,transfer,1,R,L,1,0
80,4,58.65789474,4.888157895,four,1,stickerfirst,blue-right,pen,2,transfer,2,L,R,1,0
80,4,58.65789474,4.888157895,four,1,stickerfirst,blue-right,pen,2,transfer,3,L,R,1,0
80,4,58.65789474,4.888157895,four,1,stickerfirst,blue-right,pen,2,transfer,4,R,L,1,0
80,4,58.65789474,4.888157895,four,1,stickerfirst,blue-right,pen,2,transfer,5,R,L,1,0
80,4,58.65789474,4.888157895,four,1,stickerfirst,blue-right,pen,2,transfer,6,L,R,1,0
80,4,58.65789474,4.888157895,four,1,stickerfirst,blue-right,pen,2,transfer,7,R,L,1,0
80,4,58.65789474,4.888157895,four,1,stickerfirst,blue-right,pen,2,transfer,8,L,R,1,0
80,4,58.65789474,4.888157895,four,1,stickerfirst,blue-right,sticker,1,test,1,L,L,1,0
80,4,58.65789474,4.888157895,four,1,stickerfirst,blue-right,sticker,1,test,2,R,R,1,0
80,4,58.65789474,4.888157895,four,1,stickerfirst,blue-right,sticker,1,test,3,R,R,1,0
80,4,58.65789474,4.888157895,four,1,stickerfirst,blue-right,sticker,1,test,4,L,L,1,0
80,4,58.65789474,4.888157895,four,1,stickerfirst,blue-right,sticker,1,test,5,R,R,1,0
80,4,58.65789474,4.888157895,four,1,stickerfirst,blue-right,sticker,1,test,6,L,L,1,0
80,4,58.65789474,4.888157895,four,1,stickerfirst,blue-right,sticker,1,test,7,L,L,1,0
80,4,58.65789474,4.888157895,four,1,stickerfirst,blue-right,sticker,1,test,8,R,R,1,0
82,4,59.11184211,4.925986842,four,1,stickerfirst,pink-right,pen,2,transfer,1,R,L,1,0
82,4,59.11184211,4.925986842,four,1,stickerfirst,pink-right,pen,2,transfer,2,L,R,1,0
82,4,59.11184211,4.925986842,four,1,stickerfirst,pink-right,pen,2,transfer,3,R,L,1,0
82,4,59.11184211,4.925986842,four,1,stickerfirst,pink-right,pen,2,transfer,4,L,R,1,0
82,4,59.11184211,4.925986842,four,1,stickerfirst,pink-right,pen,2,transfer,5,R,R,0,0
82,4,59.11184211,4.925986842,four,1,stickerfirst,pink-right,pen,2,transfer,6,L,L,0,0
82,4,59.11184211,4.925986842,four,1,stickerfirst,pink-right,pen,2,transfer,7,L,L,0,0
82,4,59.11184211,4.925986842,four,1,stickerfirst,pink-right,pen,2,transfer,8,R,L,1,0
82,4,59.11184211,4.925986842,four,1,stickerfirst,pink-right,sticker,1,test,1,L,R,0,0
82,4,59.11184211,4.925986842,four,1,stickerfirst,pink-right,sticker,1,test,2,L,L,1,0
82,4,59.11184211,4.925986842,four,1,stickerfirst,pink-right,sticker,1,test,3,R,L,0,0
82,4,59.11184211,4.925986842,four,1,stickerfirst,pink-right,sticker,1,test,4,L,L,1,0
82,4,59.11184211,4.925986842,four,1,stickerfirst,pink-right,sticker,1,test,5,R,R,1,0
82,4,59.11184211,4.925986842,four,1,stickerfirst,pink-right,sticker,1,test,6,R,L,0,0
82,4,59.11184211,4.925986842,four,1,stickerfirst,pink-right,sticker,1,test,7,L,R,0,0
82,4,59.11184211,4.925986842,four,1,stickerfirst,pink-right,sticker,1,test,8,R,L,0,0
83,4,54.96710526,4.580592105,four,2,penfirst,blue-right,pen,1,test,1,L,R,1,0
83,4,54.96710526,4.580592105,four,2,penfirst,blue-right,pen,1,test,2,R,L,1,0
83,4,54.96710526,4.580592105,four,2,penfirst,blue-right,pen,1,test,3,R,L,1,0
83,4,54.96710526,4.580592105,four,2,penfirst,blue-right,pen,1,test,4,L,R,1,0
83,4,54.96710526,4.580592105,four,2,penfirst,blue-right,pen,1,test,5,R,L,1,0
83,4,54.96710526,4.580592105,four,2,penfirst,blue-right,pen,1,test,6,L,R,1,0
83,4,54.96710526,4.580592105,four,2,penfirst,blue-right,pen,1,test,7,L,L,0,0
83,4,54.96710526,4.580592105,four,2,penfirst,blue-right,pen,1,test,8,R,L,1,0
83,4,54.96710526,4.580592105,four,2,penfirst,blue-right,sticker,2,transfer,1,R,L,0,0
83,4,54.96710526,4.580592105,four,2,penfirst,blue-right,sticker,2,transfer,2,L,L,1,0
83,4,54.96710526,4.580592105,four,2,penfirst,blue-right,sticker,2,transfer,3,L,R,0,0
83,4,54.96710526,4.580592105,four,2,penfirst,blue-right,sticker,2,transfer,4,R,R,1,0
83,4,54.96710526,4.580592105,four,2,penfirst,blue-right,sticker,2,transfer,5,R,R,1,0
83,4,54.96710526,4.580592105,four,2,penfirst,blue-right,sticker,2,transfer,6,L,L,1,0
83,4,54.96710526,4.580592105,four,2,penfirst,blue-right,sticker,2,transfer,7,R,R,1,0
83,4,54.96710526,4.580592105,four,2,penfirst,blue-right,sticker,2,transfer,8,L,L,1,0
84,4,50.30921053,4.192434211,four,2,penfirst,blue-right,pen,1,test,1,L,R,1,0
84,4,50.30921053,4.192434211,four,2,penfirst,blue-right,pen,1,test,2,R,L,1,0
84,4,50.30921053,4.192434211,four,2,penfirst,blue-right,pen,1,test,3,R,L,1,0
84,4,50.30921053,4.192434211,four,2,penfirst,blue-right,pen,1,test,4,L,R,1,0
84,4,50.30921053,4.192434211,four,2,penfirst,blue-right,pen,1,test,5,R,L,1,0
84,4,50.30921053,4.192434211,four,2,penfirst,blue-right,pen,1,test,6,L,R,1,0
84,4,50.30921053,4.192434211,four,2,penfirst,blue-right,pen,1,test,7,L,R,1,0
84,4,50.30921053,4.192434211,four,2,penfirst,blue-right,pen,1,test,8,R,L,1,0
84,4,50.30921053,4.192434211,four,2,penfirst,blue-right,sticker,2,transfer,1,R,R,1,0
84,4,50.30921053,4.192434211,four,2,penfirst,blue-right,sticker,2,transfer,2,L,L,1,0
84,4,50.30921053,4.192434211,four,2,penfirst,blue-right,sticker,2,transfer,3,L,L,1,0
84,4,50.30921053,4.192434211,four,2,penfirst,blue-right,sticker,2,transfer,4,R,R,1,0
84,4,50.30921053,4.192434211,four,2,penfirst,blue-right,sticker,2,transfer,5,R,R,1,0
84,4,50.30921053,4.192434211,four,2,penfirst,blue-right,sticker,2,transfer,6,L,L,1,0
84,4,50.30921053,4.192434211,four,2,penfirst,blue-right,sticker,2,transfer,7,R,R,1,0
84,4,50.30921053,4.192434211,four,2,penfirst,blue-right,sticker,2,transfer,8,L,L,1,0
85,5,67.67105263,5.639254386,five,1,penfirst,pink-right,pen,1,test,1,L,R,1,1
85,5,67.67105263,5.639254386,five,1,penfirst,pink-right,pen,1,test,2,R,L,1,1
85,5,67.67105263,5.639254386,five,1,penfirst,pink-right,pen,1,test,3,R,R,0,1
85,5,67.67105263,5.639254386,five,1,penfirst,pink-right,pen,1,test,4,L,R,1,1
85,5,67.67105263,5.639254386,five,1,penfirst,pink-right,pen,1,test,5,R,L,1,1
85,5,67.67105263,5.639254386,five,1,penfirst,pink-right,pen,1,test,6,L,R,1,1
85,5,67.67105263,5.639254386,five,1,penfirst,pink-right,pen,1,test,7,L,L,0,1
85,5,67.67105263,5.639254386,five,1,penfirst,pink-right,pen,1,test,8,R,L,1,1
85,5,67.67105263,5.639254386,five,1,penfirst,pink-right,sticker,2,transfer,1,R,R,1,1
85,5,67.67105263,5.639254386,five,1,penfirst,pink-right,sticker,2,transfer,2,L,L,1,1
85,5,67.67105263,5.639254386,five,1,penfirst,pink-right,sticker,2,transfer,3,L,R,0,1
85,5,67.67105263,5.639254386,five,1,penfirst,pink-right,sticker,2,transfer,4,R,R,1,1
85,5,67.67105263,5.639254386,five,1,penfirst,pink-right,sticker,2,transfer,5,R,L,0,1
85,5,67.67105263,5.639254386,five,1,penfirst,pink-right,sticker,2,transfer,6,L,L,1,1
85,5,67.67105263,5.639254386,five,1,penfirst,pink-right,sticker,2,transfer,7,R,R,1,1
85,5,67.67105263,5.639254386,five,1,penfirst,pink-right,sticker,2,transfer,8,L,L,1,1
87,4,52.83552632,4.402960526,four,2,stickerfirst,blue-right,pen,2,transfer,1,R,L,1,1
87,4,52.83552632,4.402960526,four,2,stickerfirst,blue-right,pen,2,transfer,2,L,R,1,1
87,4,52.83552632,4.402960526,four,2,stickerfirst,blue-right,pen,2,transfer,3,L,R,1,1
87,4,52.83552632,4.402960526,four,2,stickerfirst,blue-right,pen,2,transfer,4,R,L,1,1
87,4,52.83552632,4.402960526,four,2,stickerfirst,blue-right,pen,2,transfer,5,R,L,1,1
87,4,52.83552632,4.402960526,four,2,stickerfirst,blue-right,pen,2,transfer,6,L,R,1,1
87,4,52.83552632,4.402960526,four,2,stickerfirst,blue-right,pen,2,transfer,7,R,L,1,1
87,4,52.83552632,4.402960526,four,2,stickerfirst,blue-right,pen,2,transfer,8,L,R,1,1
87,4,52.83552632,4.402960526,four,2,stickerfirst,blue-right,sticker,1,test,1,L,L,1,1
87,4,52.83552632,4.402960526,four,2,stickerfirst,blue-right,sticker,1,test,2,R,R,1,1
87,4,52.83552632,4.402960526,four,2,stickerfirst,blue-right,sticker,1,test,3,R,R,1,1
87,4,52.83552632,4.402960526,four,2,stickerfirst,blue-right,sticker,1,test,4,L,L,1,1
87,4,52.83552632,4.402960526,four,2,stickerfirst,blue-right,sticker,1,test,5,R,R,1,1
87,4,52.83552632,4.402960526,four,2,stickerfirst,blue-right,sticker,1,test,6,L,L,1,1
87,4,52.83552632,4.402960526,four,2,stickerfirst,blue-right,sticker,1,test,7,L,L,1,1
87,4,52.83552632,4.402960526,four,2,stickerfirst,blue-right,sticker,1,test,8,R,R,1,1
88,5,63.14473684,5.262061404,five,1,stickerfirst,pink-right,pen,2,transfer,1,R,L,1,1
88,5,63.14473684,5.262061404,five,1,stickerfirst,pink-right,pen,2,transfer,2,L,R,1,1
88,5,63.14473684,5.262061404,five,1,stickerfirst,pink-right,pen,2,transfer,3,R,L,1,1
88,5,63.14473684,5.262061404,five,1,stickerfirst,pink-right,pen,2,transfer,4,L,L,0,1
88,5,63.14473684,5.262061404,five,1,stickerfirst,pink-right,pen,2,transfer,5,R,L,1,1
88,5,63.14473684,5.262061404,five,1,stickerfirst,pink-right,pen,2,transfer,6,L,R,1,1
88,5,63.14473684,5.262061404,five,1,stickerfirst,pink-right,pen,2,transfer,7,L,R,1,1
88,5,63.14473684,5.262061404,five,1,stickerfirst,pink-right,pen,2,transfer,8,R,L,1,1
88,5,63.14473684,5.262061404,five,1,stickerfirst,pink-right,sticker,1,test,1,L,L,1,1
88,5,63.14473684,5.262061404,five,1,stickerfirst,pink-right,sticker,1,test,2,L,L,1,1
88,5,63.14473684,5.262061404,five,1,stickerfirst,pink-right,sticker,1,test,3,R,R,1,1
88,5,63.14473684,5.262061404,five,1,stickerfirst,pink-right,sticker,1,test,4,L,L,1,1
88,5,63.14473684,5.262061404,five,1,stickerfirst,pink-right,sticker,1,test,5,R,R,1,1
88,5,63.14473684,5.262061404,five,1,stickerfirst,pink-right,sticker,1,test,6,R,R,1,1
88,5,63.14473684,5.262061404,five,1,stickerfirst,pink-right,sticker,1,test,7,L,L,1,1
88,5,63.14473684,5.262061404,five,1,stickerfirst,pink-right,sticker,1,test,8,R,R,1,1
89,4,53.90131579,4.491776316,four,2,penfirst,blue-right,pen,1,test,1,L,L,0,0
89,4,53.90131579,4.491776316,four,2,penfirst,blue-right,pen,1,test,2,R,R,0,0
89,4,53.90131579,4.491776316,four,2,penfirst,blue-right,pen,1,test,3,R,R,0,0
89,4,53.90131579,4.491776316,four,2,penfirst,blue-right,pen,1,test,4,L,L,0,0
89,4,53.90131579,4.491776316,four,2,penfirst,blue-right,pen,1,test,5,R,R,0,0
89,4,53.90131579,4.491776316,four,2,penfirst,blue-right,pen,1,test,6,L,R,1,0
89,4,53.90131579,4.491776316,four,2,penfirst,blue-right,pen,1,test,7,L,L,0,0
89,4,53.90131579,4.491776316,four,2,penfirst,blue-right,pen,1,test,8,R,R,0,0
89,4,53.90131579,4.491776316,four,2,penfirst,blue-right,sticker,2,transfer,1,R,L,0,0
89,4,53.90131579,4.491776316,four,2,penfirst,blue-right,sticker,2,transfer,2,L,L,1,0
89,4,53.90131579,4.491776316,four,2,penfirst,blue-right,sticker,2,transfer,3,L,L,1,0
89,4,53.90131579,4.491776316,four,2,penfirst,blue-right,sticker,2,transfer,4,R,L,0,0
89,4,53.90131579,4.491776316,four,2,penfirst,blue-right,sticker,2,transfer,5,R,R,1,0
89,4,53.90131579,4.491776316,four,2,penfirst,blue-right,sticker,2,transfer,6,L,R,0,0
89,4,53.90131579,4.491776316,four,2,penfirst,blue-right,sticker,2,transfer,7,R,L,0,0
89,4,53.90131579,4.491776316,four,2,penfirst,blue-right,sticker,2,transfer,8,L,L,1,0
90,3,40.86842105,3.405701754,three,2,penfirst,blue-right,pen,1,test,1,L,L,0,0
90,3,40.86842105,3.405701754,three,2,penfirst,blue-right,pen,1,test,2,L,R,1,0
90,3,40.86842105,3.405701754,three,2,penfirst,blue-right,pen,1,test,3,R,L,1,0
90,3,40.86842105,3.405701754,three,2,penfirst,blue-right,pen,1,test,4,L,R,1,0
90,3,40.86842105,3.405701754,three,2,penfirst,blue-right,pen,1,test,5,R,R,0,0
90,3,40.86842105,3.405701754,three,2,penfirst,blue-right,pen,1,test,6,L,R,1,0
90,3,40.86842105,3.405701754,three,2,penfirst,blue-right,pen,1,test,7,L,L,0,0
90,3,40.86842105,3.405701754,three,2,penfirst,blue-right,pen,1,test,8,R,L,1,0
90,3,40.86842105,3.405701754,three,2,penfirst,blue-right,sticker,2,transfer,1,R,R,1,0
90,3,40.86842105,3.405701754,three,2,penfirst,blue-right,sticker,2,transfer,2,L,R,0,0
90,3,40.86842105,3.405701754,three,2,penfirst,blue-right,sticker,2,transfer,3,L,R,0,0
90,3,40.86842105,3.405701754,three,2,penfirst,blue-right,sticker,2,transfer,4,R,R,1,0
90,3,40.86842105,3.405701754,three,2,penfirst,blue-right,sticker,2,transfer,5,R,L,0,0
90,3,40.86842105,3.405701754,three,2,penfirst,blue-right,sticker,2,transfer,6,L,R,0,0
90,3,40.86842105,3.405701754,three,2,penfirst,blue-right,sticker,2,transfer,7,R,L,0,0
90,3,40.86842105,3.405701754,three,2,penfirst,blue-right,sticker,2,transfer,8,L,R,0,0
91,5,64.96710526,5.413925439,five,2,penfirst,blue-right,pen,1,test,1,L,L,0,0
91,5,64.96710526,5.413925439,five,2,penfirst,blue-right,pen,1,test,2,L,L,0,0
91,5,64.96710526,5.413925439,five,2,penfirst,blue-right,pen,1,test,3,R,R,0,0
91,5,64.96710526,5.413925439,five,2,penfirst,blue-right,pen,1,test,4,L,R,1,0
91,5,64.96710526,5.413925439,five,2,penfirst,blue-right,pen,1,test,5,R,L,1,0
91,5,64.96710526,5.413925439,five,2,penfirst,blue-right,pen,1,test,6,R,L,1,0
91,5,64.96710526,5.413925439,five,2,penfirst,blue-right,pen,1,test,7,L,R,1,0
91,5,64.96710526,5.413925439,five,2,penfirst,blue-right,pen,1,test,8,R,L,1,0
91,5,64.96710526,5.413925439,five,2,penfirst,blue-right,sticker,2,transfer,1,R,R,1,0
91,5,64.96710526,5.413925439,five,2,penfirst,blue-right,sticker,2,transfer,2,L,L,1,0
91,5,64.96710526,5.413925439,five,2,penfirst,blue-right,sticker,2,transfer,3,R,R,1,0
91,5,64.96710526,5.413925439,five,2,penfirst,blue-right,sticker,2,transfer,4,L,L,1,0
91,5,64.96710526,5.413925439,five,2,penfirst,blue-right,sticker,2,transfer,5,R,R,1,0
91,5,64.96710526,5.413925439,five,2,penfirst,blue-right,sticker,2,transfer,6,L,L,1,0
91,5,64.96710526,5.413925439,five,2,penfirst,blue-right,sticker,2,transfer,7,L,L,1,0
91,5,64.96710526,5.413925439,five,2,penfirst,blue-right,sticker,2,transfer,8,R,R,1,0
92,5,60.53947368,5.04495614,five,1,stickerfirst,pink-right,pen,2,transfer,1,R,L,1,1
92,5,60.53947368,5.04495614,five,1,stickerfirst,pink-right,pen,2,transfer,2,L,R,1,1
92,5,60.53947368,5.04495614,five,1,stickerfirst,pink-right,pen,2,transfer,3,L,L,0,1
92,5,60.53947368,5.04495614,five,1,stickerfirst,pink-right,pen,2,transfer,4,R,L,1,1
92,5,60.53947368,5.04495614,five,1,stickerfirst,pink-right,pen,2,transfer,5,R,L,1,1
92,5,60.53947368,5.04495614,five,1,stickerfirst,pink-right,pen,2,transfer,6,L,R,1,1
92,5,60.53947368,5.04495614,five,1,stickerfirst,pink-right,pen,2,transfer,7,R,L,1,1
92,5,60.53947368,5.04495614,five,1,stickerfirst,pink-right,pen,2,transfer,8,L,R,1,1
92,5,60.53947368,5.04495614,five,1,stickerfirst,pink-right,sticker,1,test,1,L,L,1,1
92,5,60.53947368,5.04495614,five,1,stickerfirst,pink-right,sticker,1,test,2,R,R,1,1
92,5,60.53947368,5.04495614,five,1,stickerfirst,pink-right,sticker,1,test,3,R,R,1,1
92,5,60.53947368,5.04495614,five,1,stickerfirst,pink-right,sticker,1,test,4,L,L,1,1
92,5,60.53947368,5.04495614,five,1,stickerfirst,pink-right,sticker,1,test,5,R,R,1,1
92,5,60.53947368,5.04495614,five,1,stickerfirst,pink-right,sticker,1,test,6,L,L,1,1
92,5,60.53947368,5.04495614,five,1,stickerfirst,pink-right,sticker,1,test,7,L,L,1,1
92,5,60.53947368,5.04495614,five,1,stickerfirst,pink-right,sticker,1,test,8,R,R,1,1
94,4,51.80263158,4.316885965,four,2,stickerfirst,pink-right,pen,2,transfer,1,R,R,0,0
94,4,51.80263158,4.316885965,four,2,stickerfirst,pink-right,pen,2,transfer,2,L,L,0,0
94,4,51.80263158,4.316885965,four,2,stickerfirst,pink-right,pen,2,transfer,3,R,R,0,0
94,4,51.80263158,4.316885965,four,2,stickerfirst,pink-right,pen,2,transfer,4,L,R,1,0
94,4,51.80263158,4.316885965,four,2,stickerfirst,pink-right,pen,2,transfer,5,R,L,1,0
94,4,51.80263158,4.316885965,four,2,stickerfirst,pink-right,pen,2,transfer,6,L,L,0,0
94,4,51.80263158,4.316885965,four,2,stickerfirst,pink-right,pen,2,transfer,7,L,R,1,0
94,4,51.80263158,4.316885965,four,2,stickerfirst,pink-right,pen,2,transfer,8,R,L,1,0
94,4,51.80263158,4.316885965,four,2,stickerfirst,pink-right,sticker,1,test,1,L,L,1,0
94,4,51.80263158,4.316885965,four,2,stickerfirst,pink-right,sticker,1,test,2,L,L,1,0
94,4,51.80263158,4.316885965,four,2,stickerfirst,pink-right,sticker,1,test,3,R,L,0,0
94,4,51.80263158,4.316885965,four,2,stickerfirst,pink-right,sticker,1,test,4,L,L,1,0
94,4,51.80263158,4.316885965,four,2,stickerfirst,pink-right,sticker,1,test,5,R,R,1,0
94,4,51.80263158,4.316885965,four,2,stickerfirst,pink-right,sticker,1,test,6,R,R,1,0
94,4,51.80263158,4.316885965,four,2,stickerfirst,pink-right,sticker,1,test,7,L,L,1,0
94,4,51.80263158,4.316885965,four,2,stickerfirst,pink-right,sticker,1,test,8,R,R,1,0
96,3,36.60526316,3.050438596,three,1,penfirst,pink-right,pen,1,test,1,L,R,1,0
96,3,36.60526316,3.050438596,three,1,penfirst,pink-right,pen,1,test,2,L,L,0,0
96,3,36.60526316,3.050438596,three,1,penfirst,pink-right,pen,1,test,3,R,L,1,0
96,3,36.60526316,3.050438596,three,1,penfirst,pink-right,pen,1,test,4,L,L,0,0
96,3,36.60526316,3.050438596,three,1,penfirst,pink-right,pen,1,test,5,R,L,1,0
96,3,36.60526316,3.050438596,three,1,penfirst,pink-right,pen,1,test,6,R,R,0,0
96,3,36.60526316,3.050438596,three,1,penfirst,pink-right,pen,1,test,7,L,R,1,0
96,3,36.60526316,3.050438596,three,1,penfirst,pink-right,pen,1,test,8,R,R,0,0
96,3,36.60526316,3.050438596,three,1,penfirst,pink-right,sticker,2,transfer,1,R,R,1,0
96,3,36.60526316,3.050438596,three,1,penfirst,pink-right,sticker,2,transfer,2,L,R,0,0
96,3,36.60526316,3.050438596,three,1,penfirst,pink-right,sticker,2,transfer,3,R,R,1,0
96,3,36.60526316,3.050438596,three,1,penfirst,pink-right,sticker,2,transfer,4,L,R,0,0
96,3,36.60526316,3.050438596,three,1,penfirst,pink-right,sticker,2,transfer,5,R,R,1,0
96,3,36.60526316,3.050438596,three,1,penfirst,pink-right,sticker,2,transfer,6,L,R,0,0
96,3,36.60526316,3.050438596,three,1,penfirst,pink-right,sticker,2,transfer,7,L,R,0,0
96,3,36.60526316,3.050438596,three,1,penfirst,pink-right,sticker,2,transfer,8,R,R,1,0
97,5,71.26315789,5.938596491,five,1,penfirst,blue-right,pen,1,test,1,L,R,1,0
97,5,71.26315789,5.938596491,five,1,penfirst,blue-right,pen,1,test,2,L,R,1,0
97,5,71.26315789,5.938596491,five,1,penfirst,blue-right,pen,1,test,3,R,L,1,0
97,5,71.26315789,5.938596491,five,1,penfirst,blue-right,pen,1,test,4,L,R,1,0
97,5,71.26315789,5.938596491,five,1,penfirst,blue-right,pen,1,test,5,R,L,1,0
97,5,71.26315789,5.938596491,five,1,penfirst,blue-right,pen,1,test,6,R,L,1,0
97,5,71.26315789,5.938596491,five,1,penfirst,blue-right,pen,1,test,7,L,R,1,0
97,5,71.26315789,5.938596491,five,1,penfirst,blue-right,pen,1,test,8,R,L,1,0
97,5,71.26315789,5.938596491,five,1,penfirst,blue-right,sticker,2,transfer,1,R,R,1,0
97,5,71.26315789,5.938596491,five,1,penfirst,blue-right,sticker,2,transfer,2,L,L,1,0
97,5,71.26315789,5.938596491,five,1,penfirst,blue-right,sticker,2,transfer,3,R,R,1,0
97,5,71.26315789,5.938596491,five,1,penfirst,blue-right,sticker,2,transfer,4,L,L,1,0
97,5,71.26315789,5.938596491,five,1,penfirst,blue-right,sticker,2,transfer,5,R,R,1,0
97,5,71.26315789,5.938596491,five,1,penfirst,blue-right,sticker,2,transfer,6,L,L,1,0
97,5,71.26315789,5.938596491,five,1,penfirst,blue-right,sticker,2,transfer,7,L,L,1,0
97,5,71.26315789,5.938596491,five,1,penfirst,blue-right,sticker,2,transfer,8,R,R,1,0
98,3,45.76973684,3.814144737,three,2,penfirst,pink-right,pen,1,test,1,L,L,0,0
98,3,45.76973684,3.814144737,three,2,penfirst,pink-right,pen,1,test,2,L,R,1,0
98,3,45.76973684,3.814144737,three,2,penfirst,pink-right,pen,1,test,3,R,L,1,0
98,3,45.76973684,3.814144737,three,2,penfirst,pink-right,pen,1,test,4,L,R,1,0
98,3,45.76973684,3.814144737,three,2,penfirst,pink-right,pen,1,test,5,R,L,1,0
98,3,45.76973684,3.814144737,three,2,penfirst,pink-right,pen,1,test,6,R,L,1,0
98,3,45.76973684,3.814144737,three,2,penfirst,pink-right,pen,1,test,7,L,L,0,0
98,3,45.76973684,3.814144737,three,2,penfirst,pink-right,pen,1,test,8,R,R,1,0
98,3,45.76973684,3.814144737,three,2,penfirst,pink-right,sticker,2,transfer,1,R,R,1,0
98,3,45.76973684,3.814144737,three,2,penfirst,pink-right,sticker,2,transfer,2,L,L,1,0
98,3,45.76973684,3.814144737,three,2,penfirst,pink-right,sticker,2,transfer,3,R,R,1,0
98,3,45.76973684,3.814144737,three,2,penfirst,pink-right,sticker,2,transfer,4,L,L,1,0
98,3,45.76973684,3.814144737,three,2,penfirst,pink-right,sticker,2,transfer,5,R,R,1,0
98,3,45.76973684,3.814144737,three,2,penfirst,pink-right,sticker,2,transfer,6,L,R,0,0
98,3,45.76973684,3.814144737,three,2,penfirst,pink-right,sticker,2,transfer,7,L,L,1,0
98,3,45.76973684,3.814144737,three,2,penfirst,pink-right,sticker,2,transfer,8,R,R,1,0
100,5,60.40789474,5.033991228,five,2,penfirst,pink-right,pen,1,test,1,L,R,1,0
100,5,60.40789474,5.033991228,five,2,penfirst,pink-right,pen,1,test,2,R,L,1,0
100,5,60.40789474,5.033991228,five,2,penfirst,pink-right,pen,1,test,3,R,L,1,0
100,5,60.40789474,5.033991228,five,2,penfirst,pink-right,pen,1,test,4,L,R,1,0
100,5,60.40789474,5.033991228,five,2,penfirst,pink-right,pen,1,test,5,R,L,1,0
100,5,60.40789474,5.033991228,five,2,penfirst,pink-right,pen,1,test,6,L,R,1,0
100,5,60.40789474,5.033991228,five,2,penfirst,pink-right,pen,1,test,7,L,R,1,0
100,5,60.40789474,5.033991228,five,2,penfirst,pink-right,pen,1,test,8,R,L,1,0
100,5,60.40789474,5.033991228,five,2,penfirst,pink-right,sticker,2,transfer,1,R,R,1,0
100,5,60.40789474,5.033991228,five,2,penfirst,pink-right,sticker,2,transfer,2,L,L,1,0
100,5,60.40789474,5.033991228,five,2,penfirst,pink-right,sticker,2,transfer,3,L,L,1,0
100,5,60.40789474,5.033991228,five,2,penfirst,pink-right,sticker,2,transfer,4,R,R,1,0
100,5,60.40789474,5.033991228,five,2,penfirst,pink-right,sticker,2,transfer,5,R,R,1,0
100,5,60.40789474,5.033991228,five,2,penfirst,pink-right,sticker,2,transfer,6,L,R,0,0
100,5,60.40789474,5.033991228,five,2,penfirst,pink-right,sticker,2,transfer,7,R,R,1,0
100,5,60.40789474,5.033991228,five,2,penfirst,pink-right,sticker,2,transfer,8,L,L,1,0
103,4,55.67105263,4.639254386,four,2,penfirst,pink-right,pen,1,test,1,L,R,1,0
103,4,55.67105263,4.639254386,four,2,penfirst,pink-right,pen,1,test,2,L,R,1,0
103,4,55.67105263,4.639254386,four,2,penfirst,pink-right,pen,1,test,3,R,R,0,0
103,4,55.67105263,4.639254386,four,2,penfirst,pink-right,pen,1,test,4,L,R,1,0
103,4,55.67105263,4.639254386,four,2,penfirst,pink-right,pen,1,test,5,R,L,1,0
103,4,55.67105263,4.639254386,four,2,penfirst,pink-right,pen,1,test,6,R,L,1,0
103,4,55.67105263,4.639254386,four,2,penfirst,pink-right,pen,1,test,7,L,R,1,0
103,4,55.67105263,4.639254386,four,2,penfirst,pink-right,pen,1,test,8,R,L,1,0
103,4,55.67105263,4.639254386,four,2,penfirst,pink-right,sticker,2,transfer,1,R,R,1,0
103,4,55.67105263,4.639254386,four,2,penfirst,pink-right,sticker,2,transfer,2,L,L,1,0
103,4,55.67105263,4.639254386,four,2,penfirst,pink-right,sticker,2,transfer,3,R,R,1,0
103,4,55.67105263,4.639254386,four,2,penfirst,pink-right,sticker,2,transfer,4,L,L,1,0
103,4,55.67105263,4.639254386,four,2,penfirst,pink-right,sticker,2,transfer,5,R,R,1,0
103,4,55.67105263,4.639254386,four,2,penfirst,pink-right,sticker,2,transfer,6,L,R,0,0
103,4,55.67105263,4.639254386,four,2,penfirst,pink-right,sticker,2,transfer,7,L,L,1,0
103,4,55.67105263,4.639254386,four,2,penfirst,pink-right,sticker,2,transfer,8,R,R,1,0
105,5,65,5.416666667,five,1,penfirst,pink-right,pen,1,test,1,L,,1,0
105,5,65,5.416666667,five,1,penfirst,pink-right,pen,1,test,2,R,,1,0
105,5,65,5.416666667,five,1,penfirst,pink-right,pen,1,test,3,R,,1,0
105,5,65,5.416666667,five,1,penfirst,pink-right,pen,1,test,4,L,,1,0
105,5,65,5.416666667,five,1,penfirst,pink-right,pen,1,test,5,R,,0,0
105,5,65,5.416666667,five,1,penfirst,pink-right,pen,1,test,6,L,,0,0
105,5,65,5.416666667,five,1,penfirst,pink-right,pen,1,test,7,L,,1,0
105,5,65,5.416666667,five,1,penfirst,pink-right,pen,1,test,8,R,,1,0
105,5,65,5.416666667,five,1,penfirst,pink-right,sticker,2,transfer,1,R,,1,0
105,5,65,5.416666667,five,1,penfirst,pink-right,sticker,2,transfer,2,L,,1,0
105,5,65,5.416666667,five,1,penfirst,pink-right,sticker,2,transfer,3,L,,1,0
105,5,65,5.416666667,five,1,penfirst,pink-right,sticker,2,transfer,4,R,,1,0
105,5,65,5.416666667,five,1,penfirst,pink-right,sticker,2,transfer,5,R,,1,0
105,5,65,5.416666667,five,1,penfirst,pink-right,sticker,2,transfer,6,L,,1,0
105,5,65,5.416666667,five,1,penfirst,pink-right,sticker,2,transfer,7,R,,1,0
105,5,65,5.416666667,five,1,penfirst,pink-right,sticker,2,transfer,8,L,,1,0
106,5,61.09868421,5.091557018,five,1,stickerfirst,pink-right,pen,2,transfer,1,R,,1,0
106,5,61.09868421,5.091557018,five,1,stickerfirst,pink-right,pen,2,transfer,2,L,,1,0
106,5,61.09868421,5.091557018,five,1,stickerfirst,pink-right,pen,2,transfer,3,L,,1,0
106,5,61.09868421,5.091557018,five,1,stickerfirst,pink-right,pen,2,transfer,4,R,,1,0
106,5,61.09868421,5.091557018,five,1,stickerfirst,pink-right,pen,2,transfer,5,R,,1,0
106,5,61.09868421,5.091557018,five,1,stickerfirst,pink-right,pen,2,transfer,6,L,,1,0
106,5,61.09868421,5.091557018,five,1,stickerfirst,pink-right,pen,2,transfer,7,R,,1,0
106,5,61.09868421,5.091557018,five,1,stickerfirst,pink-right,pen,2,transfer,8,L,,1,0
106,5,61.09868421,5.091557018,five,1,stickerfirst,pink-right,sticker,1,test,1,L,,1,0
106,5,61.09868421,5.091557018,five,1,stickerfirst,pink-right,sticker,1,test,2,R,,1,0
106,5,61.09868421,5.091557018,five,1,stickerfirst,pink-right,sticker,1,test,3,R,,1,0
106,5,61.09868421,5.091557018,five,1,stickerfirst,pink-right,sticker,1,test,4,L,,1,0
106,5,61.09868421,5.091557018,five,1,stickerfirst,pink-right,sticker,1,test,5,R,,1,0
106,5,61.09868421,5.091557018,five,1,stickerfirst,pink-right,sticker,1,test,6,L,,1,0
106,5,61.09868421,5.091557018,five,1,stickerfirst,pink-right,sticker,1,test,7,L,,1,0
106,5,61.09868421,5.091557018,five,1,stickerfirst,pink-right,sticker,1,test,8,R,,1,0
107,3,45.44078947,3.786732456,three,1,stickerfirst,pink-right,pen,2,transfer,1,R,,0,0
107,3,45.44078947,3.786732456,three,1,stickerfirst,pink-right,pen,2,transfer,2,L,,1,0
107,3,45.44078947,3.786732456,three,1,stickerfirst,pink-right,pen,2,transfer,3,L,,1,0
107,3,45.44078947,3.786732456,three,1,stickerfirst,pink-right,pen,2,transfer,4,R,,0,0
107,3,45.44078947,3.786732456,three,1,stickerfirst,pink-right,pen,2,transfer,5,R,,0,0
107,3,45.44078947,3.786732456,three,1,stickerfirst,pink-right,pen,2,transfer,6,L,,1,0
107,3,45.44078947,3.786732456,three,1,stickerfirst,pink-right,pen,2,transfer,7,R,,0,0
107,3,45.44078947,3.786732456,three,1,stickerfirst,pink-right,pen,2,transfer,8,L,,1,0
107,3,45.44078947,3.786732456,three,1,stickerfirst,pink-right,sticker,1,test,1,L,,0,0
107,3,45.44078947,3.786732456,three,1,stickerfirst,pink-right,sticker,1,test,2,R,,1,0
107,3,45.44078947,3.786732456,three,1,stickerfirst,pink-right,sticker,1,test,3,R,,1,0
107,3,45.44078947,3.786732456,three,1,stickerfirst,pink-right,sticker,1,test,4,L,,0,0
107,3,45.44078947,3.786732456,three,1,stickerfirst,pink-right,sticker,1,test,5,R,,1,0
107,3,45.44078947,3.786732456,three,1,stickerfirst,pink-right,sticker,1,test,6,L,,0,0
107,3,45.44078947,3.786732456,three,1,stickerfirst,pink-right,sticker,1,test,7,L,,0,0
107,3,45.44078947,3.786732456,three,1,stickerfirst,pink-right,sticker,1,test,8,R,,1,0
